-- phpMyAdmin SQL Dump
-- version 5.1.0
-- https://www.phpmyadmin.net/
--
-- Servidor: 127.0.0.1
-- Tiempo de generación: 29-11-2021 a las 13:36:21
-- Versión del servidor: 10.4.18-MariaDB
-- Versión de PHP: 8.0.5

SET SQL_MODE = "NO_AUTO_VALUE_ON_ZERO";
START TRANSACTION;
SET time_zone = "+00:00";


/*!40101 SET @OLD_CHARACTER_SET_CLIENT=@@CHARACTER_SET_CLIENT */;
/*!40101 SET @OLD_CHARACTER_SET_RESULTS=@@CHARACTER_SET_RESULTS */;
/*!40101 SET @OLD_COLLATION_CONNECTION=@@COLLATION_CONNECTION */;
/*!40101 SET NAMES utf8mb4 */;

--
-- Base de datos: `sanapp`
--
CREATE DATABASE IF NOT EXISTS `sanapp` DEFAULT CHARACTER SET utf8mb4 COLLATE utf8mb4_general_ci;
USE `sanapp`;

-- --------------------------------------------------------

--
-- Estructura de tabla para la tabla `exploracion`
--

CREATE TABLE `exploracion` (
  `id` int(11) NOT NULL,
  `id_usuario` int(11) NOT NULL,
  `act1` tinyint(1) NOT NULL DEFAULT 0,
  `act2` tinyint(1) NOT NULL DEFAULT 0,
  `act3` tinyint(1) NOT NULL DEFAULT 0,
  `act4` tinyint(1) NOT NULL DEFAULT 0,
  `act5` tinyint(1) NOT NULL DEFAULT 0,
  `act6` tinyint(1) NOT NULL DEFAULT 0
) ENGINE=InnoDB DEFAULT CHARSET=utf8mb4;

--
-- Volcado de datos para la tabla `exploracion`
--

INSERT INTO `exploracion` (`id`, `id_usuario`, `act1`, `act2`, `act3`, `act4`, `act5`, `act6`) VALUES
(1, 1, 0, 0, 0, 0, 0, 0),
(2, 2, 0, 0, 0, 0, 0, 0),
(3, 3, 0, 0, 0, 0, 0, 0),
(4, 4, 0, 0, 0, 0, 0, 0);

-- --------------------------------------------------------

--
-- Estructura de tabla para la tabla `lenguaje`
--

CREATE TABLE `lenguaje` (
  `id` int(11) NOT NULL,
  `id_usuario` int(11) NOT NULL,
  `act1` tinyint(1) NOT NULL DEFAULT 0,
  `act2` tinyint(1) NOT NULL DEFAULT 0,
  `act3` tinyint(1) NOT NULL DEFAULT 0,
  `act4` tinyint(1) NOT NULL DEFAULT 0,
  `act5` tinyint(1) NOT NULL DEFAULT 0,
  `act6` tinyint(1) NOT NULL DEFAULT 0
) ENGINE=InnoDB DEFAULT CHARSET=utf8mb4;

--
-- Volcado de datos para la tabla `lenguaje`
--

INSERT INTO `lenguaje` (`id`, `id_usuario`, `act1`, `act2`, `act3`, `act4`, `act5`, `act6`) VALUES
(1, 1, 0, 0, 0, 0, 0, 0),
(2, 2, 0, 0, 0, 0, 0, 0),
(3, 3, 0, 0, 0, 0, 0, 0),
(4, 4, 1, 1, 1, 1, 0, 0);

-- --------------------------------------------------------

--
-- Estructura de tabla para la tabla `matematicas`
--

CREATE TABLE `matematicas` (
  `id` int(11) NOT NULL,
  `id_usuario` int(11) NOT NULL,
  `act1` tinyint(1) NOT NULL DEFAULT 0,
  `act2` tinyint(1) NOT NULL DEFAULT 0,
  `act3` tinyint(1) NOT NULL DEFAULT 0,
  `act4` tinyint(1) NOT NULL DEFAULT 0,
  `act5` tinyint(1) NOT NULL DEFAULT 0,
  `act6` tinyint(1) NOT NULL DEFAULT 0
) ENGINE=InnoDB DEFAULT CHARSET=utf8mb4;

--
-- Volcado de datos para la tabla `matematicas`
--

INSERT INTO `matematicas` (`id`, `id_usuario`, `act1`, `act2`, `act3`, `act4`, `act5`, `act6`) VALUES
(1, 1, 0, 0, 0, 0, 0, 0),
(2, 2, 0, 0, 0, 0, 0, 0),
(3, 3, 0, 0, 0, 0, 0, 0),
(4, 4, 0, 0, 0, 0, 0, 0);

-- --------------------------------------------------------

--
-- Estructura de tabla para la tabla `usuarios`
--

CREATE TABLE `usuarios` (
  `id` int(11) NOT NULL,
  `nombre` varchar(20) NOT NULL,
  `apellidopat` varchar(20) NOT NULL,
  `apellidomat` varchar(20) NOT NULL,
  `email` text NOT NULL,
  `contrasena` text NOT NULL,
  `foto` longblob NOT NULL,
  `activo` tinyint(4) NOT NULL DEFAULT 1
) ENGINE=InnoDB DEFAULT CHARSET=utf8mb4;

--
-- Volcado de datos para la tabla `usuarios`
--

INSERT INTO `usuarios` (`id`, `nombre`, `apellidopat`, `apellidomat`, `email`, `contrasena`, `foto`, `activo`) VALUES
(1, 'Ady Jazlin', 'De Leija', 'Armendariz', 'ady_leija@gmail.com', '123456789', '', 1),
(2, 'Alisson Nahomi', 'Vazquez', 'Nieto', 'alisson_nahomi@gmail.com', '123456789', '', 1),
(3, 'Edna Regina', 'Mata', 'Aranda', 'edna_regina@gmail.com', '123456789', '', 1);
INSERT INTO `usuarios` (`id`, `nombre`, `apellidopat`, `apellidomat`, `email`, `contrasena`, `foto`, `activo`) VALUES
(4, 'Marco Antonio', 'Tavares', 'Rodriguez', 'matr192001@hotmail.com', '123456789', 0xffd8ffe2021c4943435f50524f46494c450001010000020c6c636d73021000006d6e74725247422058595a2007dc00010019000300290039616373704150504c0000000000000000000000000000000000000000000000000000f6d6000100000000d32d6c636d7300000000000000000000000000000000000000000000000000000000000000000000000000000000000000000000000a64657363000000fc0000005e637072740000015c0000000b777470740000016800000014626b70740000017c000000147258595a00000190000000146758595a000001a4000000146258595a000001b80000001472545243000001cc0000004067545243000001cc0000004062545243000001cc0000004064657363000000000000000363320000000000000000000000000000000000000000000000000000000000000000000000000000000000000000000000000000000000000000000000000000000000000000000000000000000000000000000074657874000000004642000058595a20000000000000f6d6000100000000d32d58595a20000000000000031600000333000002a458595a200000000000006fa2000038f50000039058595a2000000000000062990000b785000018da58595a2000000000000024a000000f840000b6cf63757276000000000000001a000000cb01c903630592086b0bf6103f15511b3421f1299032183b92460551775ded6b707a0589b19a7cac69bf7dd3c3e930ffffffe000104a46494600010100004800480000ffed003650686f746f73686f7020332e30003842494d04040000000000191c0267001446385936646274656b4a33614758444e35592d7500ffdb0043000707070707070c07070c110c0c0c111711111111171e17171717171e241e1e1e1e1e1e24242424242424242b2b2b2b2b2b323232323238383838383838383838ffdb0043010909090e0d0e190d0d193b2821283b3b3b3b3b3b3b3b3b3b3b3b3b3b3b3b3b3b3b3b3b3b3b3b3b3b3b3b3b3b3b3b3b3b3b3b3b3b3b3b3b3b3b3b3b3b3b3b3b3bffc200110803c003c003012200021101031101ffc4001b00000203010101000000000000000000000102000304050607ffc4001a010101010101010100000000000000000000010203040506ffda000c03010002100310000001cb0cf27a6432a1046d78decf5fd2f1bdfedc7ab2b7d662c4ce2e80ef72484921248492124849212484921018084244631cce17abf2fe3be2eab29f476b34637ae95982ee7ad34d92e7954f634f7f3f945f462cf3fd7c97f3ebd388fe6ed82d0bdf3d1c5ab06f3b320cb1b37f33a5c7a356f9f370f334e0f4f13ab036b1ea36703b9e7ed7187968426d58520d133594d1657db3d5d1469e5a5c7af8f6637ab57af8577b519bd1bf876e37da18b4f3db23e4ab33e0cfd39eac113a7300cd467aec5bf7e2d99e964aee9a76618db5896d1ed717adaf3f6d6ed7ecf8f46cbace1eea2c798eff0034287c5ed78921e24a78824bb4e129dfecf88d3bc7ba7f2dd0df1ee8e768e9354a6db4c92d9242490924010492424909242480506be5ce799ec791c74e364e9077e668d6c637d332d4ef575f3596f2b2fab87a39e6539f4e972f1e66fb16f09f1d3b2bccbabb3ccb326b2d6e4b25dfbf8dd3e1d74e2bf992e1cd657e9e02cb3423f769dfc3ac2a9c3a5a945357d4da2b3bea92e2c7d4c3b9a35e4d7966e0f5399db06cbeef4f0ca355325097294d904deaa69a71a447962a746b304d15eb2863569d153cdd9ab36bceaf85b3d2bb2bb6e57bfc1f45be1e96e57924926a4113e6139ba7cde9d46a7c6988842b0256430129eb94596767cb763b71f47d5f33b0f4ade79acf42de5d773d54f30d67a69c0bceccc564695e753976270aebaebce2e6b7d151e7f2739e8f079ee6729afcc4c5e89d5eaf9feef3eb7cd1ab8f4e6d1d1f3faceacbcfafd1c6ecf1f794170b6a5baa40b62c42ab57b6762f34b9a36f2ecc6b7739ea2bbb6756cc3bfa8dcf48942636b2f7e5d3325b8379dd770ecb3b6fc7d18d7416bd52d75e9e6d9cb33a9eae391adab59694112abd359a4693a99858b2d0bb5b36988b353374a95e7bb9d66c7485fb316ccdda35d1cfa65d7977ef2fdecbdbce765a0ee4089219526f87c7b4e2bb9fabab7e2d5e7ed74538d4121088192129ba9d4c5d6e474fb6366ae403bb9b9ee539afcb3564a5356ed3ce27a0d3e7f5f396e54cd377b629ae9b28a6bd4d5b3876cf36ee6d746b2148e98b7d470fbdae5e8b0f0b97cfa69c204d84d86a86b96cad5002bd99929574b02b0a901090476ad8bf4e1d31e9ba5c8d1c7a5b92f7e5d29b58e3415eb5c59ee3db389facfd33c7a3bb896aebf3ba7e7d2f13bdcbb9a7b3c6d9e9e5b6a3a2ce566f45447047470ea0b692a88ed6676b69b8aafab7e7a255a33cd605237cec056aed156e97a99fa38b8f4cbbeae8ef3afb1cad98768e3b2cb694cbcf57559e9e5af9716a7d9cfa5bf91d3e1db4956e5b924ca490844a955ab5cc7d1576e6030a479039ef919d7506b34d32dcf7c325b93429986815457a91313693719135b261b755d5dbab6709cf1e5e8f375a10b08d0162eba65a743e4a461d04cd55b8ac0ad2c11c280c248d1836a3aede971666fa1d3e5ba7c7af65b269e5d1a9b6a315cfb7ae336c47ebcdb9bdae24b3a19b5f9ba84b6463c9d75de782bdac1d70dbbcf8de7d266c3d0b3253d88701ba99f59a7074326b2da6c1cbb539b564ae792dd30c97a6a5dd3c1d4c6bb1cde971396efdfc8e9ea6c5a33e2f62fe3bf3d74a8c75cbaeac75cbe5b2f471fa794ea62ddcf5a6caace1d4895adb2985c2a05d29965a120f12164430f14ab1483c524920c442062225c0cf4ed4b399a6cd36664d986ccef9477e4d43cb12bba0897a23676b6ac4d38e5bb13536016b5951b148af5434240d02dcd9d2b7ccaa3df9efcded6fe6f43cfdb4dd5262ecd5c0dbd79f6463b7a73bbcef6f8b9debbd2ce1d2030849a0b604c98ba8ba9e72bf458fae3374b914f4cfa89c3e8a65ab43e74b4e9a31ba71eec5d3385a1e98bab34ea6eeb717b7cb5d0e1f6785cf5675395d3b465b324bb454796983df14b6ac75caab5cceb3bda611c155cf7e7a8565acb0104012a46290b2570b4d265b6230cca15cd722c9592c95c5b6570b16b035d9dae6de47439ddb9150fd39d6ec65aedcf11c56d62115d59002ab6edb9d62bf5ae37cebadd56721bd066e7d78e9d5a3a6708d965cf317a99ae32461ac35f55f35b7a1cadfc3aef95dbc779abdc7539f66c9b996eb35a17bafcb1ce8cb39e7667aaeb7a954281c2ad8735e2b989d5afa62ad95be7499b462a389f2ef351a8ef3754159dddee077b9eafe275392baba5c9e9cb4e6b294deea796b4689a3168e6f639fbcf2619cbbc0400c8899b567d11d75ead47b76efaf9d1e85f974f363d41b8f2c3d5227976eeea4f313d5993c99f4f5cbe74f6d2b8d3bc26b853b913867b91ae1cedc6b86bdb15c49daa358e2e7d99baf9654abac5d5c04568895d8d55596d9354743474b8f7c557a1bb975e7f33abc5d66aec3ede7d399569e76b4955afd79d1a6dd29557badb9f2fcdf75e6ba79f97a29d771a35d2fc3bdb66638d6a6cc635d992dad7a39b2cedebf263a72f683c8369ea31f02a3bb4f1565ebce383b038c2bb278e4eb9e30b3b438a0eb73f3d3566715ef09036a2b2e865bbdc6ef62d3cbe8f325bbadcbe89cdb69e99a51fa3962e9e16e5bdf8b7547973072ed2480840b9f467d136e3d9b77adadfb76aada4f0fa1aedc0673e9ce7d98e735f2f56b3d099249a96a74c9c6f49cfe96db9e34f6d0d317c47de33bdafb65cfd7a3779b9ba387a77f21877f3b8fcfa63ade2cc4abad8d9d53a1b6e76dbadec79fd396ddc38e95b4cb8f187b797a6b263e8cbbe36ced5d1cdb36a6598da35906d6e9c6bcdd16df1f9f3f5f91db976b463e8e3744ba63495db5e7acb51f3d273fa78fa63cc24afd3e0e8f738fe8b9f7e0f37b9c1ebc91f3db33a001366202c55542aa9acda6a316b55a2e949825b5dd09a6ad08b766a5762d2e9b4e759abbb1cae9e4dd6e76eb8dbcfd1839ef45b9efc6fcd8c231d379c10dc311355352d5daf1ecb7d02d9b7d7cf9b93a3cfdfdc634a7bf560d33f3be5c7a0687253a5b9f4ccfa0cde7a37e7ba06e2cd02f0b525d8b5a3d0e0bf5ebecdb877efe76de55b937d7ca62e9e379f30becd71a2e7b71a56b0e7a3ed1b7874d1d2a34f2acd198721ae168d2173cbeb5a12c4cf5a92e4aa0b8de55d274e77babefcfc6f31ec7c5f5e7b36f33597055c6dedcf667aeab29bb1dadaed3d73e3f177389eaf9dbfd4793f519e83cefa4f37d3181cce66124d02b2c2ac0a95d6e6106afea737a58e98ebb2bd16eaae6669cfaaa9aafac968d515a6bcd9ddbd8e476e63a2d755264c378e5db63cc79cf9d5db567db98ded950bbd7a73e7e7e9e226ec3bf5cbd4f5f9fd0f778f9181b2fcbfbd2bd33bfa6e56bf87938baba2dd7c4d619e6f512c44cfae8d68b164ac5ca67a74c6cd9d8bfd5e2e44eb8d73e0737d6f9bcfb3cbe0e9e0c7a2bb11b7e46b15666db73f579eafdebafcfd2cb52ccc6757b8855ee4b23ef229b289aaeb2b8ef1197445b0eb35179acdae6debe5c1e0fe89e0ba73a77737a1bced0cbc7a56ad4b7b7561e8f3eefd2afade9f1f97f11f46f9ef7f3cf47e57aadf7bcdf6f87a99889c3a41020222b08045235962ac6add936ce985444371ba4a74d1a2917489b1a68b5066758b7bfc7f42c6bce326354ede66fe3db4f1fa35667210a3d0f28bec704d8b877e4b8ab6e3d767b0dfc6e9fb7c5e5b0f470797deda315fcbd1dbeef3bd06fcf5ae91dfc9ccc9d7e0797d96bf32de7e8df4e3aaebac7098dc316b9051ab92d7a9d5e7fb5ecf9f7c137e61e7bbfe7f1edf2fc9e8f3797b51badcde9e18b5c637fa8e0fa5f27a6c2edc7a474a759d39f87cfeb8efdfe3b375e7ee53c255acfd08fceef6fde4f33d3e3dfa9329ceb49cd2cd072a5cf5b472b775f2dbe13de791e9c7ce7697d3fa79f239deb3c775f39c58d7c9ebeefa3f37eab97a3a5167bbe3e3f19eff072fa1f33dba31ef9f778dd5e5d511a79fa56962529908204504ea0604d576065b1f3685d9a79d662e9399acb33e5a779d9660b2e77ddced52f67b9e7b772d69ad139f44717f2ed8d025a2bd0dcbbf3f45c75947b1b368c9bb26946bcbab5cfd0f638ddef6f8f95c5f45c1cf7e45f8aecefdaf7bc3fa9efe5e81e75d9c68e66bc9c7bc67bb974e7d1de9d33cd7e82279eb2dafcfeebb8bdce6675cbecf3b76fbf75b3d97e6a73471397b3a5c93e817e775fa0e0fafe7d10d7be5a6ea566bb9d2f35b796bb183899b737535fa8af363d364cefce8ec51bc73eeb62374f91bb9f5ee598ede1eab2acd8f78e8e6e5e5ebc3d174fc1b6b8fd330f98ee6f9f43d2f23b1e864f09f41f173c9e28ace5e8f47def3fd7e1eeedebe4753d7f3adcb4278fd9cef3debfce7a7955cbdd9b1734bd73685b82532d9552df5595c8d72033ea0b365bd5c8d74eee5a49a533baebd18ae32c51be77594da8ef514f47dde27a1e5d6be67578fc3adfd8e776bcfdb8797d2e7dbcf5f96ee7e87aacaa4d051f532e3e9e79ae668a6fe99eaf7fcdf6bd1c34713b5cdef8f2d6385b7adcfd1f4fe72eec6dcfb76abae7c3fa3b75e3d3e8f9bd86a9b7b6cf7539d7292eafc9f46fc9ac739ca6db4ba537556cbcad4dbf3d572f5f36bcebe1bd979dde783d1c1e9bbf16c7ea6cf3f7f0b57b1e17764e2fa0e7eb84d57655ce9b7af73e5b3a55d78edd3cfd78e9b33eaef70efe5fa8de43a71f4dcde71e98b2b8fae542ec7acbd9e7d9bcfd33a5e3f67a3cfd1f1fd9e46e7931755e2f4fa2f4be7bbfe6f625f8d7d9c3468e6eaf9fdcf95f47e73ae2126ca92c52a5b02570b52d1ab3eb395a3eb09aa8d7d6740ba7bb9f23761e979ba04b138755e6f4b999ce7057a717b69b51d96c4eff007395b797599abd5c3beeed727b7e7e8d5dd19f062d5c7bd6cb766b8d1aa5dbe2736dcb9cf9c306faefed70bbbac6ac3bf27a39798a76519b6bbd7d329d0c7d7e5d1cbd1e6d7425797e97c1eb9e4ebf37d2d039f66b8742b14797eaed345d8e8b4de92e1d198eb3b58d78d66c3839d7d1e9128eacc79df456ddae41c1c47aec7b8f27e7fe93e33d13a9d6f27a274ebe6b2893c9e6f439bbf1e6f4ededf2dceaae1f3f5c1e0fd057eef27193abcdebc76576012ecae9bb772344dfa9f3d874dcbb538ba734aed9cb7dfecf9ee870efdfa9b6f4cf3f55d9b86f2f94edf0ba66d20b4a08840cb656caf60cfa73dce6b12ce981b70edeb3b799f3fb79f2fa9cde979fa4161f2fbaaab65bcf7e7f177e8e9e1e4eee8764e2cf51939f778f4e7193a18fa3cdabb5c8ebf3d34113c88a7467b5bbf9f755a285d73d599139f4e2453d71b7bde7bb47528b53d1c783469a78eb4e8af5f2e95de1f3663db8ba63560e8727dbf2b56fe4eeceb62e8a3af16c9a3278beb6bb82f9fd978cf5ed29e5d7db87ada55fcfdbcdebdfaddf06c479ce599ef659ab7477adae6cf3de828de393ca7ecefaf036df6e3a7313aed19efb29c4cd974f9febcf4faf172717c17d1fc4f6e59e6db3ae392dd5df99e7ba9e82cc4f343d7d39df9a6eaf5bcfbf299bd979ecdc6d68eb9beee5ce99e961cb9fae6c10c5a609a12281484add1f5266d19aca6daece985d543749d3a68b7be97a755bf37ee4495f1f557b397abbfcb371daf39bf4572d982518fad65b89dbdfab269cfcad9763cdf47e5755f956f7e3e32cc93e67d1df6f349bd31c4d6322966bc5b71ad3d7e37531aed0a5bd3cb8b4d9570bbf6f3f7f2e96323c1e7f439bb9af97d0cbecf2b6bb69d73dcfcedfae49837f2fcdefedad53c9e8cbc1f4de67be71fa7f2ddfe98efb65d9c3ad57838d616bb24e82dcaf1aeccf725ad5bef0e54eb34f98f59cdbbe0e9e8646eeb389893d0d1e71f59bfbbcbf65336d16d5cef3fc3fbdf1be8c75df93dfcb2dbb5f9f47ab671ba79e59c1eb6d67570eaf91e91e7fb7c1e994a0e4f7f03a397676e7aa93664a36e5b58833415961211a2156b9197566d66abaab779774ba74bb4d3672fad6841e6f6a50f5f6f256e17af9b76ce6df31d4c79a63d37b67bb97b9cd6edd9bf9bbb5cbb15f5767bff31c1e969a2be66d88f8bbef7c2576ae15b9e81c525d5660d99b77479fbb9f4d14ae3e9cdce7693a7d1e4f57974b591b26e5f539db97bf20fab87a1af86773b1671073d7631e2e8f3ebd47878745e177b97a79adfce3e8c7abeaf9dec73d5ef8ece3d6ec7a79cb11c4ddba70eb2e7a9ae2c6a8ea59cfd6b6f9cafb7cabdeacab9358d1b32fabce6dd206317677cf5571ba9474789d94747af1d1bf9e79efd172a91be382ae42f4e5efafe0767e2fba707b5c4ed9a31f7f17d0f37174eaf4dd39f9fecf4671e9cee57a46f377f2d3d405f2b9bd5f9eeb8c0acbdf9258af432eacbaca595dfbccb96ecf6b43d5cbeab3516e4849555b62d774b26ebbabbb1d6bbab79b4645b9d1af0e8baf65af9bab7f9fbb915f96e9c6b37ce1dab4bc4b41b4c512f094ea47e7bbafc471adf4e76a68a6cd1b79863aadc8876471c275cf1dabaedc691d99c6876ade043d21f3c65efe2e6cacf4ed1d65bd3e4bc9dba7961ac7520e9af436d3771e92c062d292db22cb1d25749835639d39b9fb5d5e93cb7aacb8337b78f85ccd67d4d1e7d74eb0e15fd78d6cb35cf774399af1d3af556d9e3e568f40bae5cff4bcbbbc7dfa1cbb533aeef12ea3d5c337a6e0e98f415719b1beed9c26e1d3b6bc799d743ce74a8de786bda3e8c70dfb4d1c3cbea26b3e5badd3d3d271b37a44ae52f64d9c46ed1ae0e5f535e7bf9a9e8d797ab82fdb3cfaf0aeebb4df087701c2abd0d7bc7234f42d75e9e6b73df95e3717aa1e8f2ea267c8fa0038458d25516cb296b4c522e922bdcfd2667b8d951b8f5ce73a269986b16659aa66e55dd32c13a13379f37cc314d47370ce8c8e70e9497987a723993a84e371bd7796f667b3a306cd75be07c6a1929809511a5b525f0bee4b2f2183a032f05d7f4376f351d2794e7e5ed2af9ae77b31b78b9eceae97ced7dccfce70c75070bcb1d495cb9d631c99d78720f609c59d9071e760d9c66ec9978b3b64e21ee1cb86ddb6b788dda31c59db64e09eecae1cef1ae0cef08e14ee93813bc36e01eec8e1cee83873b92b873ba2b84ddb6ae18eeac7107661c69e6276e7ea679729e9cf9791ea679736fa65f3413d2b79835eb6cf1e53d69f22d5eb5bc7cdcf607c8359eb679211eb678f997b26f1a57d94f1ad97b29e34f3bebc79012fb27f14c7b43e2cc7b39e34c7b09e3a66fb0e2733a5d35a756797a742ccd74ddd044101b646a6d5989ceabe446768e5e53b57f9bb63d2b7037671d398dd9d095b45a6a362e5bf36b58f275393cd272519ed1e2c3b53884edce2b4761b8a4ecb711a3b738a57b6fc231df3c191df6f3ef1de3c178ee9e213b538b17b8dc035de4e2893b93872bba3866bb4dc565ec4e408ecce39dceb4e44d3b139223ac78e4eb9e44cbc2963f57ccb2cb2338d4cb88eeb0e74ea599bc73dcb63cecf4865f3cfdc55e0aeee7f6e763d3668ea22d50465a09633234b2499a246a0b6289094118951b6dd28f45e73b3cb7decbab378fd57e9e5ee9ad96e6ba58ca46a2ccb5cea7459b712a1c9f579bab6e1e8ddeceb6fdbe2d67bd87280c3a929bb2b561a2c56a6c4aa68d43a63e7bcff0065e47d9e440e2e164352341618086282610c3021808d00411a4b65a9ad32d23402916ad8a49506296b678685aa16942ad105961430c2253cae5cfa8b3b89f1bddcab75a35538aeeaf7c696ef5e726b5d61c95b7ab9b0d7ab750b47455c8ebe2efe5c2f54ede4b8d66581658f108e559490f085d84969d2a7aebb9db773f359d3c14090fa2f39dee7bf5485bc5eee36a9834eeddced78de895343536a50d49715f2fb355d713ab7e9d4b2c43c783003260d2c4a3457ade77866a294b1603b89e17df71bbf0f142eabbf0490ea4864a24890434648b0824900c0082534166e1672f4beba2fe3d2d81f0ad2f29946c74e7275df59e0d5e945cf971e9d6bcccf4a2bcca7a7afa67cecf4089c24edd3a9c91d2ab79eea513c5f5ec0b2d68b2d68b29a202c9502d9485b6a54b9ae964df0e767db8fb780b2dac24bec5ccfa9ab3d965165ad9112ecccac828c5c8a80125843283adc6e8e35ee6ccfa3e7fd2cfc6f43cfd4c3d2e16fd3a9763d5cb7682467483dd8af36bab4e261924219055667699416955e34955cb5546545749bcf8ee3fbef15ebf363257a7370211484914d1820d040c00200b1fa5ced19e9d1b39bb39f7ead59d71d755f9016ca2dbbd3128ce2f39ec5d2b5539cec6c37c6c956699dadcb7baea59c7799eb373449a68e6d5e8e5d15a0f3fa96ad612c154b2d150ab85711c2c460592b17099cab7a6b19b0f4aadf9a9be9a7a70d35e74b9b16b817ae58c00196284ab41052880c156115e8cd6d7bfd5cfddf33e9db45a5ae1f3bd1717ae346ff003bd13b977375f2de800cb5e6d58f56fb397d6736ded6f3c960584a992ecc92550eb6a0711525c8b5875a1c1eecf471f0546aa3d9e3a1775319059580824808d205820b04053558873dadd14dd9eac45b9d5720d5765487890b2dce8970a4568d7ce9269ae895a573036db99b19b315556f9ec0f42ee35373fa0e0348b2d9224d112ab439598896aa509aa9a6aabaaae9e9c2dc92ae9e6914dcc0540cad648402480020581828c82d94dd63295556429ebfafe5bd2783e86a28fcbb4e7742bb3cd53d4e77ab96be979dd78be9aee3eee3db6d680e9d9874639ea551336ad66d9210192229168924aaaea22588b5c2ba997e79f4de1fafc9e374e16f5797a14e67561636759cc92b290aa19190534531b573d4dd534de8b2893573672d6caa9316b67b86ad2585eabd16b6044b2ab549b184ace5b996e6d771ab35f9b3be8b5d6f0f5d36215ba96cd25e720d2e5ce2af4ae5328145655ae494c1d3c915822c20924b1191e0c9088eb486442ea565565086eaad0ab2a89025bedbc27778f7f53666b3c3eebd24acdc8eee0e99e2269a3bf26dbcb077dbcfbe37dad1e77647a8d9e17a387ae38f572d5a6b6868224922a0750c92544b6b2aaec454b2b9d31e4fcdfd4fc2fb3c5c772bdf8df6d006ab665cec40253595b99a33df2de6833a6a39ae9bd953a4dabcb8ca5852b32a2159635b5489650eaea92b4149994e5bb36f91dd83a10d43d535d6d3c7d3c7d0e3336b7622cb58084918118ca82ca3584a00e9e2804b91211242406594ba14780cacb20a1804c22e6be8b2f752aca4480060328af5dd4f0beabc7eee94a4f0ef6d4b5e9930f4b0f7e792bbebe9cab0f2e45b5c974ae37baf47d4f17dbf36fd168cbab8eed808648492440e84468b4a5a854b6a839f778bf479d710b3dde2145b4268b72ea9ace96d3340488fab25f34c2336b6a5f344c59bb2ca2164ac2ecaa552329157d77532571868843b311f322d4c9be776ec9ab1ba948867333e9721a6c42d288d250ca159528df1bb2cafa792456b8124b4481208b0c44aaa154b2490d14db0308044aaab313410560211608329026dc692fb2d7e37b5e6f6762bcd39f639da9e99a90d7d3910956b17e7a32eb94acaef99d19e1f42f43f27f77e2f6fa599b470e844134d148e21910385ad6c45ab9efe13af23800fa1e07b696d65e9d59d65b4db25f83a389aae2b66d8f1e6d098b35e2be6b4846cf4b2bb5054b0d225b5dc892597d4162c8aaaf7e6d124c5b315cd6926f9ecb9273ea9035cdae473f6b3819db4088ea835965156b94aeb6e9e528c97320292051c40047ac728c2a595169421914b541223d4536d1796956a20414328c0c02b128b2551d3d9c139e9deaf965adb565aee2fa2b1ac900d9248422436bc723e81daf987aef27b3d49e55dc7aefb30df2eb28d819103c7e7f8af471d18967b7c648363182cb0d6e5764117b54f5846acd9d5aeb26ee3519a7b2bba6818cdc814b2ccee3ad6c474b62b4b16c95d95a4baa88f94a6b29655a59d496578e82d13d1e7beab33f8fe9e8ae2d9628964112e4e429d3ca594dc3215202a84151a0814602ba1a34dd5c31478824a241a14dd4c557d1a4620d492001518a982ad0ac3ad542e485101210492548412429048a64112fa257ace9783ecf0f57adddc1d3c7d1dfbb87cbce3d4f87e4e6f479992377e0098065832884b11acbeb069df3dd0f45c33aae23676cb62b42c485f7e3d136ca0b418bc998c3a82cac81ea786512ac0cb99952ca77ce6acbb65b9186a1ae55dfcfa511fc7f49883290d6932f4b03973809dbcd69475024480816102910628c2c928a3ac2d955810b0720d4a2da613467d03904024a00c01102408321a50f044b8150b894cb912a16288596a09252082406c92434f4b8b6637af329b9864d4681a01809028c414244a67aae16f2d028df4cb9ead54cda989357aab346c5b669241563d061a212d84452d0e89014b505320a8aef9beec7be535b55df884259ebe7f563e5fd6f25a7bb4eb1c46b73ee3e16a3af0cab6d5d38b95218206034a400ab0159612151810556d56423d5616492a536d457a33df0e440492a4041240c822321a3242104924043058d0aebb6a400896492a421249068401d08ec5e961ae0c534648300624680b16c2e1528d5d6b5af460d19a82dae6c82b2db76679ab40974e96d70b196cb005872914d955c89975e465149df3bb5d4dd712a2358900cbda3d07f3ff007365bcf64d3c9ddc9f571e45207d0f0ad560b9ad920f15aa41080c202040822f52a12a69196096d570d242556a553a33df0f048904a920420853248904095346484208608101516a75202540682c6007162047a88485d49494711c044095058a20e43c1316a552b14414f7d1a0d14cbb3aa62c9abc4934d246ac5121ce9d38d60a7b495c94ed259c8bf7589cbcddf29e72ff0041837cf188be8e0011908565f62567c1fb8c56b4a383ab9bf4be79807a388521156dac0cb0610d00ca464252b6d5164068c47160225b5590c55b4818145b5b4586404848ac104916490924011024149010c0415b5629856312823b148780690ad4a8c2059656e96ac94418031a21248c24a11a9b02894cd340cc545295cb6d762e74c56356db9ee9a62b666f46fa0f97d1b2de63d9d49cb53ad3912ceb57cc166ce5b65f5f95441d78c52a4520f6704f83f6cf3b4713d3e6cf511eff00102259158114c2b8412414e011415a6a6e58aacada2323824955db539649060252a5b4e57c128c9020404928c122490901210420c480ad2a308692058119480426a0648ad1d65924a925a865b58accc0632018aad58164adeb1483575b530e00801586b6a79594c9b8c0a9bf35d9d75849e4f4a3a358ca40b08d4959a3d1e75a8afa7ccab0c2c2b2300cbebd0e2f8bf632735eafa9f38465d616300c8222914a96282290c8021852990a45d444b2b7a90caadd1e1c88130592ab6b95e0724103204820248025594421095234800ac8060c45221d84a224210435ba15892522426cc7a472b060a12c5595161202a2d6ca1beb7a254c46522c67aacdf4c341269dab7cea5b55adf54c3e2f4d4e1b50294b088bacd54cafdbe2004d64904584424787a9e3e9e5783dca22fafcd028468aa3aaa164a5e9c03015d0321a84018022d57545762343032ab6561cc964200c8c65aecadc3040c05008030458ca43204841522440a6418450808f04248426116b7410112c9211d21a0e67b2f552159066844adeba5818b1a3c2b402c2b4a96546ebf25909034aac44d9bb3dd35d864b3c3eaae09b801164cf763efc2b464f5794c581820e0083012fa9672ea6a6aec00ca8020018096292ca0d6850d0a408795ca78b02aca54648680e8ac1a091108928b292b68b2b40431492489015095696402c68090804208415030621048c204102a95124929920240174b86016c96ab84402576202c9702150ac045694ab611e1488d5345a104dd965574d75ecaadf0fae9906e00a378b53bfbf59f1147b6e7f4e5e5875b0f6e5999d35850f001a0b24c7488cb04102c6803090102577029b02962b01215a2441848221116412a1061a49421161922956100ab00c8900810410a994832a19104916308901046102431248158058000112b032802017537490115615211000194e50c112024016ae16c25229ad63d368c8f5e74f767ba6bb56d56787d9540779a7553d9dcea68a6cf376781b1aa39fd96d63c6f2fe85cff579fc22fa2e3fabcd94c1d30049cf70414c21812424908561011411e456ea40aeb4a200b5640acb0e559091343018920b5a092340554c04060a4890892a490841592114892315350101220591832002111148010c486500541657645b5dcb55b211d61048486401594cb04490165d9496d51497d370192d96ab41cefb57517f8bd74c8353477795d8c6eeb2bb3974721b35995a8953257cbec2ef3e2f93f42e57abcde295a7abcca18d09043288182518241825404c2a3a104222d82ab84449012cadc208a301a32492020254abd6c0921163081080192c841049258440c06c921010cb0c2911908a44010908219054042aba98d424aad6e54acc10c20a60400c809142248840b4a908f75161615796c8cd8ebd0ba8b7c9e8ad96cb3a7d2c7bb8f6b5d1f9ed995a19d1a895848202ab2baf99133eb7ca904a02008203048324018289520a9ea23d76008818ac56ba52296106061184a6531249030452442020224206590492d24449242090254ca48350a94630011948a4402084c7540ca90196a82f16b2b59248aa9682a63088ea824800640041234a55b2b1ecaac1deb95b1b368e7d775b559e4f4268cbb2deb6dc9afcddad747ce988682440c1091628464af9bc33ebfc910a88960a11a4286840cb5034155e140b84551eb2c8250056095f519d797046b3648b4c210c9010892406d30118028ad02b2b044260a41592141082482091149523402c8b24b0028181b58832012280622b282eb72df4f045301202245056806041201818908a0844acc0d85190bafa0cbd97cf7f93d69d1e775e6ba1a69bfcbdec7add5d9666b020220200088d5d7cf005faff0024a44a210160403c531231a04b0ac14645916004412501046ef69e47d078fd1e4a8d98fd7c1c49a8642120a08400305841030921905340562b0161880c91011454889242492d2249042160308cad52484064411504915ed95d969120192848080c5108164910c840458a218706544742c7a9cd7d1e4f4b877b7b5c8edf9fd1aedaecf3f777539ae54c19154ac5a60aba910567cfd427d7f9252115ed72a6b1412404822210249025186100a0a848876fa19b4f8fd3c4e775397e9f39653b9184468a68c11611082486120c21a841242b240d2d586200410401864a0814c2492490924a30c002a4924b048074b07a482f2258c2420900182856100c36086001504061995e951d02cb0d3d1e5eee7d3a7dae3767c7ecd5653770ece6366c2244111624af5196bab4b6bad353c2b5967d4f948e4c2ad80a85aa56b6289194304206005652112a29913466ea66f5ca1f1fa799caeaf2fd7e746137926421103242022a492a10730303692a4320830cb1498aaaea8b0c0481649243148482092512a62020820019165955c552d6a8596148352488408b048484101881594064873252d7620cb620f7e6697d275f81d9f17bb7df934797be835b4ad04942b0a4aee54cf4eb4d3067e951d33e3c96fa5f2d1a5630551c020318530101825772420b169038103293a9caee635a19cf9fb72f97d4e67a388046f24821109240300480c019085589240c04324a841048450ca8a1d54061249204a920903242080924582425d5317c050891543253456249053202181120aaca421a1a1162aba8248a649274fb3e6bafc7d1ded3cfdbe2f66a7aace3b72a54c8c2c7155add133a695af9ea99f5be4a871423110c048aa159280622c309048019a2b4b90abd2f03b3cf7b5b01e3d3272b761f4f1924d4854864811082115210492108819041208d1588408680d915a5286020710b1800c0490920245600842820a07525f14d42a42182a42a3c0410821060426cad6c458430c195223ac298681062ddfced98df7ba1c9e9f8bddb2ea3470eaec1aa485482452d22b1621f39327d6f93248b0182a3c4acb1a52402130b0c02bad20782973136e27ceb59c8d9b9f1edcfd314964a8410c908440822996342c928892210024118a90c9203034603403402b810b44ac5a22a2d15630402001900642110b2caad0492d30800682c202248861003008e00c1d20200a40181a565696cd2fecf9f7e575d31f9fe874066d5366ce8f73a79fc91f519ecf3d3d02cbc29d9cd9de16dbe7f1bf1e61f6fc8060242081d2843120860121543c458d294c2006429305848b08a547867af6246796575240192060819012481530251c92418191246a9248925d550dba4e4ceff005e5f123dde7c5f18bef73675e267a03679c9e9b3af02595f5e721084181b6970b295782101144490a618324a1210022a32b486494aacab1a444dd87b5cfd1d1ed716ef0fdbf414e6e87a3c9ccb7ada6b97dbcdd8df9e35d3af8ab60e446acab2ecc7cfbfc8c19d3cf14914909230512400630b0c049012424901244064a8648556224b00864223033a68aa92300112185974d659d2db9e9c09b6fbcf94ddcd39d79c7f577e35e5757a4c79b975e7aaded6bf3057d6cf256e6fb16f1a79f4f67abc5497de70f87b32ddaf36df36b29bfa3db1c0e07bf4f679fe77e5fedfe3faf3f9f493a601902eacac0a0e55a24828c92818616481921219418442245557890104ee723b3e7fa3a1e8bbc9f52ef4fe45f78fa15de57d27a7e626dc566f1d11966b85a79fa1bd514b99a6be4e7bfcc819bf3420821112122c30104242458c0590d084400c092120200e20218482051e252ba5966b47f3fb6fd38fa7c3dedb0dbc3d1859aa75d1c5f6b763e3fcf9bd6703be6ee95bcae3d765025ce7b2bc5d6759383ab536b706ede3b58edcf9e8abd8d95c4bfd079ab17b3caf63ca70337479d75dced71bb6e0d570f7f49e07cc7d97e63e8e1c825bb6048506baba4bcc4b2a870b29ca306182c60060c086024208400115032c6aeaf3ba7e5fa80c9c7dcf6e7b66adea72ba8767453c3ede3f67b3e6b6ef9fd1e7cf137cfe8747cfeacefde51e1171d78d21f4fc8908a92103030a6400682c2022401328061024848612484565a20c9164340c80622592455434a773d3fcefd4793e876b17539fe4fa9b77f0bd270f3df929e2f3f3e9e5f579ff004673bb9ccd1ae7eb3151cbf0e6c7c23d791ab11bd7d2f91e9e26bafd9f0b46f97bbe6f1578ebdff0bc966ebcafedf9ff005b73e878d50f2f4c9dfe7f277dbd4e0e375ba70f18bed72dbe51bd409d3ccb7a254f34be96d3ca53eb5753c437abe17a7cd88c9d789925420924843205580b2382febece3d783d04b38fd180ce7ea165764d3958dd82a4b8b16b17164a56cb0675df2d1330b9510fabe4c0644840608192015a021008d0808b2032510c2420100b088492114920302c0aa3256a844164d59c4bf55e572bd07ccfb1caf41759e3d62f2befc76f3794bbbd46d73273a4e2f2ba4ddf1cbcdd4e676c255d03bd6765593a7cfdc78f6e33fabedf3e7e0777bc7f3bcbecf44fb9ccd5a71b74707a7e6b1d37d9c0dfecf3749b1eae5bb2355e5f5d8b24d5709b223a95d1a8ea799e5fb8c3ebf378f9d8e77b3c7519d4d6797355162c6008603d0f0f6e37e8d68e9f0f471f275399cfdc0113acb6a66ac08a59585d60a85d73886bdf34117a79e491098dd7c82308121a1088208249011948611649501902100056c82311a45908421102800c80240f65b5d961c952c2bd2f63e0fabe7edebb5794ee7977d3b68abe77a357176ddabe3f2fd1317ab1e1eaeddbd9c45efdb3a716feae7cf4a6a8b8ebd17c9a39ebaf39f6f1e5be73f3e9d11c9a7af4e9e5e6f3bae3b79b8f77b3e7f428cdcce9cba99724d66ff53e3b4f1ebed44b3e47d0ac5a040e6ab5b6150b82d156b973caf61c5f41e9e16e6e90f778b81c9f6687cedbe8134f29bfbcf8d72b75ef5e53c97d33e71cfdd50239fa899168a35275f3e597d3d3805075cc8736522f6672cd972e39274f34921083288602130a1a50901248903ca00800608b0c012401c0a8f4080801b1aabb19a158c510888082184b7d079b99bee34789f51f33dde88707461af26bd3df3c6e5fb1ccebe5077314eb81756769180ba774b73a78d2521b45e59ceabba79f9cdd3b37e7e48edb570317b1c767ce5ba8bd31cc9dacf4feafc6747c5e9f45324f17af50cd2b44ce0d6319350ca6b4f77ccf63af2f412a3f4be73c52057a61db385d6f8acd4bfc47aff058f4f3ebdf978fbeb855a552bbe25d7da6b963ea6d17cbcea340b310d152d2ad966bcb933d3e6064924325526021808600194216101173086555708b0904309089569b9290454b5830089299210184908210182c9696f61d1f2fa7e7bf44e6e497daa73eaf376deb8b9d3af6cf9e7cded5be7b6b9f52cf35d8dcdc6cafa72b2871ac8d1cdc1a77f3f93b71dbd26ee0f6bcd1e9b791ac756af35ccf4e75f31fa2d719bb9414ede6e04ed747ca7aae3d84b57cddea5be5562e411ac68a7763d167a825beb7cb4162a2c6803211d1ac3f32fa5fcc39fb0df93672f5e5ab7f3edaeb7af78ebfb5f31e975e4b1a0bc511e91716fc0b4268af1d7c5c33d5e55919019010c801812182c22a4900ac2e6191449160919324592494576d69406165f0310192a9600921088102d94fb09d2f0fb882387755709466e82579cc7eab3f5c7271f6dace857b37f9de33a7d3a72e3f37d2f3bade666ecd5d77c8bb5a6addd2c1779bb7a0d98ba3e2f2e2f9f7d1b87eb9e5fbf75bdbb6dcb973f0eb5466f456d14d535cdd9d9f17dfe67afaf93ddf1fa280ebcba804585d1a55b909ec2ecda7eafca80cde543c844b6995de8b6abf98fd13e75cfdd2cacf3f5f470daac61aedab79f57dfe3762f8b4245d73a79fd1a57166e8556e29a69e5e9e163fa4dcf2fcac75b95eae522b548c20422c06155570805894242cac60d0848b0c242010c4155b49490e9703086494020221161237b3a3bbe1f7546c1e6ee81cd56b74aa19d616aba912ad30c9b02c871d9881305bd3a6dd546ee7bcd4eee05c7a5c7cced7473ea0797d011f4c649aecb9c2774b326f966b88e5f56931599b6d60ee7271fa3e677eb6c9e0f569154e7bb8e5b4b428b3d2ebe4f53e9fce6293af378b10f2fa744be43d5f2f42f0783d8e3f1fa6c19b3d561ad2aa6eaba63d9f43368be0b5168b9b694a6daa8d15ad1616e1ebffc4002f100002010303040202030002020301000000010203111210132004213031144022500532412360154224253334ffda0008010100010502e7076294feeb44a2753ea5ef44cbeac918b1a2c229bd66534628bd9e5d9cee47564c65c84c84afe164d9123ad463eeec7742a82a85f8dc732531be311734512fa46262625bc172152c53ab714b47f699d512f7a22e27a58c0daedb1de543b3a643b0b4990637d98de91169226c7a229488f2b8e436491144746559084586b45315432d24c94ccb9c755aad689188a025e4b91a8d10ae42b265eff699d51243458c4b114245b4b89a24d13b0e42a86e0e447db7d9c8c88e91d26c96b629c48f0b8e5a6262347fb0d26c9776916e16d148cc9487a58b718e888962dc3a74457d0b91a8d10ea05d42235e2ccd197d6a9514556ad777b9898962c588fa722550de3787d40eab65d973233232331e971322c6c9c87a2446242063a5cc8ee28896ad12890d2ab1771231311ae162daa144944b708e888f2e985cafe4b8e6c8d69270aec8552350ccc8b972fe5731d444aba4753d45c7519098b83763749551ccbf82e5cbea9919129927a46246991a246362522e58b174292322fae25897626eee2b54c7cac62584c63435aad108511ad12140a30b0b85cb8a62979242f7010a4666e0fa8b1f2cf947ca175485d421554cdc43ac87d423e4a3e4447d4a1f568f964abdc75993aa4e57d20c80a0d9b44ed12a48beb62c587e34f4b14e9dc8d1234921c921c9b2c625890cc8cc55055052beb5591577b7db11ae290e25b5b12561161c4b70891647d4f4810453f0458bc723fd8fa52148c894c948b991999b235191acc75992aac7519b8cdd66e31cd91999129929eb1f7415c8e2955ae9152ab67b196311ad6c5bc688c6e52a763b22532cd8a25b590cc054c70b694c432a3ef496988e03a663aa2e32da5c7dc8ad18f8223ee3ea62208894f831b2fa223e391fec5f6b991997b92e5165c63e0cc8cc72e14a1717e0a55d929b7a21771d9e9624c57676449f3b718cdc4a756eafc98cb092312d727129a10d13a62bc45314c524590e04a98d71b0c484b490f844a6bba5da484882d21214cc8731c8c8cb58317898c5333333314c7332322e5cb990a666365cb971bd2c58b16231bba147b57ec3d2fa5ccac5c7262896b0fb96b9812b789109e246a266627c19fed85a58aa535ad8701d31dd1b8d11ac2a899ec701c0712c24589108eb21f0894977ff00242644b990a666399919190f483178dc4c0c0c0c0c0c0c0db36cdb3036cc0c0c0db36cdb30302da62624177555421293a929beccb1612b1ecff2c9089bb891126d22fadb858b162da656154646a0a5ab14450312ccb76a9ee1c6c385c9511c1a149a2358534ceccc4940c065aed2d67c514497a9bef16446cb8a4646464645c7a4488bed58b162c6238988a26235624ee3761e9e8bebfe0aec763b2252bf8fb1d8bd86d38917de0c4f4b16424625912f52fed1e761c0952254da2ed11aa46a2676634544463c27c51449fa97b888932e5cb97d122c34588a10b5b972e5cb972e5cb972e5cbe972e5cbf0bf362d672ef7bf066258f436411276515726efae25bc16d32d60408972533748d715642993976f6d789c49531d33ba2354552e3ee243d67c51449fa97b891262d6c289624cb181896d5f8ee5f4b97e572e5cb972e5cb97d2e37da7c2da5cbe962fa49bd230b9818925ded1b60d98181896e684c8bd1ab98189dd0a7243a8d90f0df8b821c0574474632e4df042289518c808a844b1612121aed6bcb931fdf90fbbb696e4f84617145221094dcbf16e1654e8dc788e28c468c4db36870e090888b858c4db231144503030311ad1f3b180a3a324325ab111297aa8c64588a8c83ee4588b12f515f9737a58c0c0c0c198330660cc59898330662cc5962c58b16e76d7fd9091eb4b8debeb8244295cc521c192b51a296d2845d49d8b12b6961214451254ae4e9d86ac21115a5cb972e5cb97131490a48ba3246489345c6cb972e5f85cb971b24f47ab108a7eaa0c88bd556515a6246447b8d768afcb9bd20462608c11b68da46d2364744daeea89b06c1b06c8e9d8c11b46c9b06c1b06c1b06c1b26c9b24a913d1b2fc7d8918dc5029d1b980a9a82a548ad28caabcba9ab4e9964894e249ddd8b0a228962c4a175569342202477d7bf1cac6f58f907c966fb37d8eb1bc6e9ba6e9ba6e1b86e9ba6e9ba6e9b83917e31425de9faaaf4822fda5ddd2565fea5725020ec5fb47df37a4080f44cb97d5fb8972fa58a91eddef1f422c5868b68e25b49faabedf8146e4298a890a768a8d8501dd2ea22e2a87fc70dc7125524cb5c8d23651b68c4b162c58a94f2552184a9914606060606258b162af61c8b94d5c54fb54ec391909f0b972e5cb972e5f8a191d155b0e77d224a447bb5e97b81ec9f632ed4fdf37a4080df0c8cccc72ef19191919190da2caeada5cc8c8be98988e038935daaf693d56b614484482eea258b68cab47331b2dbb9b04692463c2daa435dbaa891ec45898d97322fc2aaed3f65117aab0b9256d178d18f05a225c590d231117b1295ddbb51f65f93d2043d48ff000b97d3b9dc4d9765d9765d9765cc99765cb9931d468df653ae2a88c86d151957bcac58b16122c588c48c48445c9c4c6c5bc0b5ea63789162999199909f09aed5577293ef0f532a68bc702dd9eab57aa45864082b98162a323ddb5da8fbc8c8c8c8c8c8c8b88814cc0687ecff00522da451898989898963131313131268c485d38b65cb9326bbb5a24584b58212b9156fa288e9595e021162da210b46ae578690297aa854f7e07c207f8f93d12122c322511e951949153d4676303131313030311a2243dd145bb5418e263dd0c95ca6c5e3c6e2a27c7364da254d932aaefaad62aee288a1785f862325eaa76a84356210b48533aba7652f716519153d4fdf81f081fe3e0b5b0b46f4894749126522a7ac5f27a48890f743d4fb2a93ef997d118dcd8b9b562de2643dc783456562a0f85c453891809782e5c6fc28b0d1d4ab56443565c83114e02ec754af1a8bba29c86fb4fdf92992f4f448c4b0b85c7a535722acb2272d22ec391743e732247df4feaafaa9ec521329ab90a662389288cb97e6c8fba6f832b9506cbe972e535774e1dadc6555237bbfc88a3e440f93037e0cdc4645cb97e2b468eba3ff002c7dc22624a5632252291495cf45caaaeabd22d6299ffacfdf920ec4a5ac597d5c8dc333332d291976b9210e46665a5cb8b84c444e9e45477535dde913a742d648a972ecbb1c999b2ecbb3313b8c93b3a55452bead95cac7b74e3d3a27845dcb77a12822338cb84a7892ea1939b1cc72666cc8c98aac910acd919dcb972e5cc8cc8cc52d3af5f974f4b26a812a7dba8ecf32e50290f4c6e56a3755a962e1eeff008cbe82d2fa3649f18b20773b922289531ad5a2c2e12222280d1281555b489d33e0c94054d1b68748d8152369152162032a21368a550522e3912ee3a14e656e8f157922fa5c5266eb452ea6a1f2a703e5ca6e1d4e6e75ff0025519f99f91df5b08a72132e3664399ba2ac42b2235133aa86674d4ac624e3dbaa88c451233b1195f4bd873b95e9dcdbb37d94bcb62da22dac87c5143b98189329a31baa94c502c626258b16d24211419fe48afa2674f56cd5556de46e21ccc8c84ee58b16195480c9a3129c6c22e56a962536c8ce49c66aa47aae99a7898b3fddb6632452a9b72ad5a9d6847b44a54f726a94203b225288f11a89823065e5129c908b9290e6398e45d8aa48a75e446a39948448eb2c4bda29088762e4e445153b15245ee3458b162c58b161f08a14471ecd778ae13e48e9c4498fbba6888e1730b6ad68b46485a526290cafa223d9e6ed9c8854667da2fbb653e122a10d248b17b19b3227f9cd51150818edc9da51af0c25eca3414dfc52542487036e243a5832b5374a5d2ab29d5322e8734642908f63a0c8d79531558489121f04ce9e7f951eebd1526752ee4bdaf7448c7b3ecd4bb5c8b2b7a9fb5e1970821225ebfd8ae13e48a0644e447b9023a35a265f45a624a27fa5323a5644908485a44ff23ed94d972e5c6c991d5a1a2c24421f9ffa89c6e267591c9d8e9d76458a9d3a913a6e046563abee52a6dd3a946a228d0cdcfa78429c85a448229d33afa0b6ef633919b6252662608da46d8a13894abca9c3e545939dcabea7ed1d3990cb972255f52f6bc32e14c44fd7fab5649705a4577a31ecc910443dc79242428989523da5eca6474aa4f446467720b487b645999b86e9b971f17a223db4954b0facb19e4a6b28c285e50862b59414955a0e0ebdca1522a294643a6894da5384b251663728d2c88d0c44ac7f21512a2bb98b17b18999098a492abd4d29c26936ab4a0e556e317ba0231b9b46d0a162b7a97b5e1970a428957d2f687a623a64a9961448536cd8ed1a7de1d933fd8faa62d6c588c4c0b0b4a8fb4bd9023a54f52896121c48d322b48fb664291fe3224bd265f56488bee4fb46731f7297f471ed15c9ab9d7d2c0b3b53aae266a4344a3dec46052a78e956b62badb947a79ca35a9ca047da25ac18dbb6e389bc8ea3f28961220ec4665399923244aa22ad5b8fdaf0cb5653148a8c8fb45b5648c2e46910a68c5165a488fb2970b1891d1eb327ed10202264b48a313110cff65e8444711227e9689eb21357ff0026af1941b71e94a71fca42e7fc946f469414e8d4a5671be8e22a646090dd8726463b952953f97d4e2a27514d4e108fe761ab9831c59084998589d2c4a5d3eebea691b07c71c2c25a46763787589552f7d17865ab20264c82e17eff00e344626246e5c9314cf6423a41d8dd37855e09a91909972e391912913f68894d88992d21c19ffb4ffadc4c83d3fd9fa8eb912a8913ac464d949de098e1dffc88c5cea4154853a92e926dc2a2db312c63a327d949caa4a8515469c8916ffe53859e2604208a5490a84675ab538e31b41359d75144922afb43d5e8bc72e08b895c8ad5b1b22f4869748948be89919173fcd238e7b86e9bc6f9be6f1bc6f195c4220449fa9fb21c19fec9fe24622444b153d43d8d932acd90eee94222588d69ed7a6f4bf39c23352e9654daaf5a991eb293155a6ccd0e68752256ea6e743d3e0890cea1e3d4e299b66d8a9905624e5194aa460532877d2454f64999171f0bf865c2c242d5b2fa45972121d4332e5f54c83b8a175b2cda6528246262626262626262288844191649f69fb21c18fdcbfac63df11919119157d41f7d1c4ea2240a72688bb887a487a262e727dee8953a721f4d01d1921d399f1ce9ba65292d2433aca777d3d6c94745a75537123772ad2dba54d5912f553d9265c8cb48c5b1d3b162de197042e0f4b689898d8968b85229aed61a1377e37e2880e563747213202e12766a69a5899c46e276158ab256a7ed2d195e27a6a451970b125aae756371dd199b84a647b918b9b8454569219d4c2f1c3bc2a57a647ac811af4d91699d446ef7a8d229d4752707a489fb245885362a4ca74922a236d98336d9831f29705a5cbf1b162de0a6fbd37dafa57adb54ee5cb972ecbb32322e4444497080b85485cc645a47e67e67e45e47e4ca51e1549fb848a5314cc84c731d44dea9f394113a63ec321ddd3828a2e644a45c9f78fa7165a323629b3e2d31f4746d24a2e33b146a97244fdc296456862528ddc292b60b4c6e6da36d1b68941155727a58c448b162c5b8af0223ee8fa94ac4ba847575735b48da46d236cda46d2368da3685031122c8c5181811422e5d174763b1d8b22d131898c4c622b22e8b9726ae4e8dcd8214ec24244d152b4e2e9bfcd6961736c93248db651fc6a64644ea246f21d61d5372e54ed34c4c83132b3fc254db36994a2d387a90e3de92b47a9577462ef12fd848b16d248ab030660cc19833063a6c54d90a24e91183313036cdb1d31c198b31628b31662cc5966599665844577a3eba99d94e72bcaecee773b9dcee773b9dcee772ecbb2ecbb2ecee772ecbc8bc8ca46523291948ce46e48dc91b9237246ec8dc91bacdd66eb370dc374de66f31d66c9f721fd96ab9c8910a57782274531d4c49f523ad262cd8f21b641f7abfda222244a9245d1d8ba370dd3342af61d44c5348de37cdf3e41f24f907c837ccd32f12f13f13f13f12d02d1138a2f167e07e27e27e27e27e05a05a06312d12d12d12d12d13189844c226311244669152d23651b11314628c518a314628c1182303030460608c1182304608c118236d1b68db46da36d1b48da368da46d23691b48da46d1b46d1b46c9b26c9b24a90fb4a3e9786c62456962ad08d4557a49c0e97a45654e28db88e85363e92893e862cf855623a5511e88fb946e6d9b66d9b66d9b66d9b6cda66db36d9b6cdb66db36d9b6cdb66db30660cc198330662cc598c8c6463231918c8c646322d22d22d22d22d22d23f23f23f23f23f23f23f23f23f23f22ecefe55f725eaa2fce0fb2f0b10b83ee2e761d28c8f8e91285bc5db8d8b16458b164628c4c4c518a314628c518a314628c518a314628c5182304608c1182304608c11b68db4608db46d9b6668cd19a334668cd19a334668cccccc5511b88dc46e23711b88dc46e23711b88dc46e23711b88dc46e2334668cd19a37119a334668c91923333439a26bf35d84c5e06c4c4cb972e36265fc0cb928f1b972e5cb97f25f8dcbf1b972e5f95cbe972e5f5dc66e33719b8cdc66eb3759bacdc66e33719b8cdd66eb3759b8cdd66eb3759b8cdc66eb3759bacdd66f33799bccde66fb37d9becdf66fb37d9f219f219f219f219f219bec83c86262e6c6fbc5971cec3ae89750426e4f75a235db329b3f2e172e31e951d8758df37cdf37cdf37cdf37cdf37cdf37cdf47c83e41f20f908f907c947c847c847c847c947c847c847c847c947c947c847c847c847c846fa378de46f237d1be8df46fa37d1be8df46fa37d1be8df5e3b162c58b16fa36f023a7fea7a69898b8c893377125d69b92991ca45a4508caf1e9eee308c75b727a4e9a9c6b45c5f7e1765d9765d972e5d9765d9765d9765d9765d99332664cc99933265d97664cc999332664cc999b33666ccd99332664ccd99332664ccd99b33658b18b30660cdb66d33659b0cd862e9cf8e7c63e39b23a64e36d2e5fe958b1831c923a4fea4c8b13132fc2463df62322bf46e2d64885d11dd9ca8d2db8db93e7d6521afad8981818181898962c5be87c53e31f191b08d946d44db89844b44ec76324668731cc7327dc97d148c4491f8a1d54894e52d3a410d0ff00171627c2fa242438dc9d084c8d0512092772fc9f394738d6a78cbea4509090a28c11b68db46d2364d9360d83619b2cda66db30662cc4b16e574648cd1b86e1b86e1b8666664cc997d5e935e4b163b1f899193d33b0e4df0e8df75a548dd465622c4f8ad5c6e460c5145b5b793aba574d5be9c50a3a247a2e265cb972e5cb974762c8c518236d1b48d946c1b06c0e833659b4cdc666cc9972fe363192e562c28b303f146486c7c1be5d23b545a491523629c84c4f95c8f7f05fc5ed57a58cbe8a206444f43d3d17d10d972e5cc8c8c8b973333333232476272426b9dcb972e5cb972e5c63d24b5b1898963b0e4b85c7e1ff00683b558e8ca91b9fd5c26265f9537cdf92bd3dc8ce16fa28b9722cc8b8a4391711958c8b88c8b97117b0e65cc8c8522e39929dccb85cb972e5cbf89a1a2303b2321cccb5b972fe483b4a3eb4922ac0bb446646427c19958df3e4237c84b25e7eaa9d8711c4b79a2b45cee5cb97322e5c4cc8732e5cc85a398e621972fe4b16d1eb65772322ff004d14dfe3ac91521613b10991909ead0e22a5526e9f49188a115f45a5255e9ce84d4cb21c4b79132e2f3df5be898d926210fc362c5b85cb8d971bb0dfd5ff004e9e59535afb2a22485d88cc8c84f8258a5f4fa8a2ab42519424a4666498ec5bc2b54cb972e5c5c10f543e571c86c8e8f82458b087a5f4b8e45cc8b97322f7fa2f9f473ee85ac95d4e235a46646629172e2a97148bfd2b9d6f4db91f2c75b71b97d2e5cbf07c9eb01e89161210f4b8d97321b2e5f849fd362e5078b84d4d09eb38dc9ad54ac46a8aa9b86ed88d7215a2ccbccf823ade9b17aa1125ce25c5a2e16f05cbf296b11e902422e5cb97322fcdbfa8c8f3e92ad84f4be8c9a24b86466645ee36d14ba8213beb7f3d949755d33a33c5eadd9ff65c96b7117e490fc6f4421e90632e365fc4d8feaae68a15b35adc64d16e361763d96284bb64d0a5f47a994706c7a3f711f7e2b8ad531bd50f543e4d8de91d1e9190e5e493f1bf13f142783a7554d5f8325cdcf1235a2cdf502857551444bcf526a0ab57751dcf63edaa24acf545f82e772fc1f0b68f58f9ee363f22f0c85e2a751c1c2ae45cb8d8d8f94a649df5a751d3974f5d4d45dfcd5aaedc6ad79d57a2262d112575aae2bc77e4c7ac47e56c6febb23e38547121594853322e32e5cb990e637c6955953742ba9a8cbc95ab4692ad5e5565aad1e8b49c6cf45c5737e05a325a2223e0b45cdbfb31f15b44c8d5b0aa26646439190e465e0a555d3746ba928ccbe97e7d47551a2aad59549727df45a7f64f821f810f83e371b1e9110f82d5f16f57e57e07a47c6f5b99199917f1d3aae9ba559492a8665c45f56ec755d728a9cdc9f343e138df92d50fc0fc31e2fc0dfd97a2fbd09b814aba98a4290a42919152b429aea7ad9d52fe445f492b3e37d10fcac7ac78bf037f49737a2fbe994ba91493148dd512af5a913a929bf3219ed734f543f1bd63c6fcb1243fa4b9bfa162c58b162c5bcb0a9281f2192a8d97f3e2c48685d892f121bd50f9363d10bc28b0898c5f45737a2fd15fe822c2ec5c622df9cbdeabc087e1421f0d863a6d0a263adca9ed8bea2e0ff688be9917133d8fdeabc0b93e11d1f0ec61166ca1d22506865c63fa5fee8b83fd3af3b7aa645925f498f55cae5c522e8704ca94d225f5d707f65f9efe67c10bbaf5aae17f1319612f15cc8ad57ec2e0f45f5df9afe77adb57f92e6851153368d8360d866c33619f1d9f18d8489c6dc9f19cac4e577e67a2f2afacfe82f2be1188f44f92191226466666e1b88dc46e2374dd255094afe26ec559fd07a2e6b8b17e85f15e47afb168df81691170b972e5cbe8d8fc5524377fb2b8b17e85fd445fc9110fc0c7e294ac5497d27e05fac8ab8d696fa6b94488fc0fc0b46ca931fd37cd7eb23ebe95bc31223e6df8ea4ac377fa8f9afd647d79173eccc4f5ca2447cdf89b2a3fd1317e953f2ae4f48b1d9ae31223e4df8e721bd6fadf4b972fff00445e745f94488f8b1f8dcb57c6ff004578dfd35f51705c92f1ae31223e38dc7498e0cb7d1b162c5bed2fd32d57d162e31223d591eee940db44a8225d392a2d0e0d79adc6c5bf7cbeaae3123c19463de0b5b0e9a64fa727d392a6d16fa4d789fece23fa6c8f18901eb629445c9c53274132a74e4a9b5ff4e8fd1beac5abd22407ac1105e1714ca94532a502506bfe991fa57d56ab44407ad342f1ca2993a09ffd323adbe92d568880f445317fdb57288f489017e92c5bf68b8dbceb54f588f481117e92fabfd8a172b7996a84c447581117fdca0c8eb4c88beed9162dce9748953fd9afaffe7a717a229a10bea5cbfd0e9d5eae454569fec6df61694de91202fb56d6fe1e97fbe457ff00f5fd93fb088f691021f46fad8c4b727e3e9e3689d42fcbf6087f65688a647c572e5cbf2b7d4a4ad03a9fd8af5a2f5f622ca647c972e5f4b16e572e5fcb4a394f4ea3f63fe68becc194842f23d12e562c6262625bc9d3fbd3a8fd95bee527da2c4c5e1b162c38f2b97e76f150f45caffb18fdda5222c42f158b16fa162dce8d26e1b4cd967511c5fec17dd894e4458befdb57a42568e666752eeff60beea2041885f5ec58b162c5b8b20aecb972b7bffa6a23ee0445f7afc21db855f7fb15f7111f74a9c98a9c8f46e44dc899173b9dcee64ccccccbe9d8b16d6e5d9912ee625bf60bdfdba749c8874d4a8467d4b3fe59b54054691463422d3a721d3a65d171dc7636e9327d350946546a43ef3438feb97dba51bb87e2eaff00ccba5853a655ad94bbb12642e421730303145b4c531d388e11fd058c7eca84d9f1ebb23d0f54c5fc6f56c8ff000f23ff001303ff001f491f07a727d0c11b583c3bedc495352251717fa0a5e88c9c485e4951c942912a4d118778f6d725ada462c941fe8ac35e6b3316c8d0ab217475d8ba023d37451153fe2d1ffd5a3e474913e5a62ea69dbe5d362eb2911ea2948738957a8a77855848eccdb523e340974b1b28bbd7e9e538b4d3fbc88f64b484f17d35685a3244a571408ab697324648b972e36bf52a2d9b5518ba6a843a194ded8a8dcd842a501538178c4ca44f71966382315a5d894d96a828b3142ab088baa23d6d34e3d5f4b2155e9d9f83923130313f91e873fbf0f6b4be89b474fd417cd62d1dcee34cc657c19896252c49ce57fd0d8c4c5b23d35462e90f8b4c5469a12362a31ac5c1e32ea3a7593a7245da370a50ab50db8406cb499b52174f91f1e9a1c3a746e5188abca4dce6c6849256a76a75e9c5ce19a54b3747a2501ca85e5d4a8ca8f53214cca2499fc8749b4f94a0d528fd6a6bbf2a756ac05d5ab2ab0646a265d6ae490ea447380e74bf489b42ab337a42ea08ce12158bb25a516a74f6e0cabd2424a1d3e355d4bbad0aa8a55e8d383ebae275192de662ef24ecca73707f2a42acca51dd5f1a341ce8d2ad1957a91283ab92a363acf8d49509293a34e57764be4529ca9df19c6338f55d33a13e0d153ffe65eb4bfd3a3c5694aac50d519aa905133944f91551f2ea9f2ab1f26a8ebcd9b92337fa8b943a8b356258d8e9e5f946a3bf62ac15955c6351aa8eca12a5d4508c92a55233e910e94e0e35a508ed6650a74f2584975541537d07514a9c67b159be9ae3e9228a4a108f59d5c6ca0e4fa7a7de30944fe42a38c3a78cd0aad3334cea29c6b41f453bfc399f12a1f1267c698fa79dbe3cd2f8b50f8b31d09a316be82576e8ced4a2d715ae4c7365cb972e5cb972ff00a7bebd2558b2d7249a717678e455bc230abba2a2f3c7bca136a9528351d88427d6c91f3eaa1ff2326be65d46706ff380da1c8cd90eb27152ad2912955909e066e4e9759d3d1a71fe4ee41b9caa53ab69426c842b44ef230ed8b3d16634cb32c58b189528644e8b896b7952b94a8e038dcc6cf82f05cb972e5ff4d7e14aa6dd45d5536aacd4e474f3fc2a4a55153784946aca30e8e7254a8aa5195458674a056ab9ba55295a738b764cb59c6b5442ab938f4ea6a74ecec45b42a55e6e1fc7d79b8ff1714fff001d48a7d3422b0b0d95278cf711999099d8eda33b6af4924cab498e36f250a6a258b13fda5f4bf2e8e509412e9c8c68e918b44a8c24384607cb84475e8c96516753b69c214eba953a511d85347fc64acc8d39b147a992f8d229f45021429c0eda5f4c913a83977ea1e538c596628cc8d3aa358eb6e5d864e84644fa6921c1ad23d2d5953952a912dc50a4ca32724a9dcea163cae5cb972e5ff4f7e562da347474e7271e959b388a589ba665ee57a398fa3ae7e7127123351235677d8ad223d0c87d2462b08daf62f65017ab97b19a370956376e646ed133e911f2a9c47d7d41f575e43a95189b4e8cd54589898a3131313130312c623a3163e920ce9a0a349d38b1f4d4992e87a7913fe2e0c7fc5d4447f8b991fe2e085fc7d0447a6a711538a3f9087e3c59df4b972e5ff4972fcadc6139536baeac46aca653a775b63c5169c854e446162b603a3792a74205e37c8dc1d54390911958dc14ee39190e6365c95651255a52142ab362a8fa69928ca25cb97295574e509a9c7c943faeb6e75e9ee539c5c1f2b0d698b36a66d4cda99b333e3c85d34bef3e362de18ce5029f5f2b2954a91e9e2875144ca522a3a8851acc9ee40723232322e5cc8c8c852326645cb9ff00196a26513365e4cc64cea297e16312c58e9ea3a6fdf82dc3a7febe26578a9b6adce307374ba246d5389821c4b16fd03d6de6a756549c3aea297cda6c55fa890957628b31b92e9a9c897428974533e2d61d1a88db99b750dba82a5336e460460e46cb151360d846c1b285451b68ea28b9d3dac4c55a2a913508cee8a359dee645d972e5cb9765cb973a6977e32c8fccbccca66523291564f77fb0d5b8a577d2d050572c3934dc9daeda571a91697e817d0c2a3329537d27510ad01cac6ea37599b6394acaecc51b68db46da36cdb44a9290a958511a8c47569445d4526d3521f61ccb9b88ea250dcddb1f948da6428956945428d5cd5971b71a4ed2f132b3ff009568d70e9219d47d92d2c590d19127dfefbd17963173747a58c16089d08cca741d19aa8c7342772ab92233687d5e27cc911eb21675ab3742ace437637a06ea1f514d12eb69227fc80ea54aaf6d14e910ec7b2a565172eb3b3a9566468498a80a14d0ebd28b9755518e52911928ba7f9c6c5916458b22c8eda7623d9af5e197a9ff00742772511ebd02eefdeb922e86d5ee8bdff40bcb0839ba141525ad8b0e992855897926a756ca94e4e974f842ad1bc69ef45ddb539d781bac7290dbd122242c41e9532709c9b7157295164618953758fa5a8cf8b491b7d344dba3554a82a72855da3dab162dca243faf24ee5f4a8ff07ec45c9ebd02edff00b692632fa317df62f2420e6e85054d73b0e9a3695d547070ea07dd3a634864a9c5bc2cf6a2c94316a260c8a914a07644a748943a46e2e8c0f9321d6a8c7293d2cd9b72b2ece4956855936fa4ac4a2d16d2c6258b16d297f4e578a2f1bd8ea6ce96a992d7a0fe97fcafa3ee5912c4ec3713b15a8606121fdb63178e1173951a0a9ad6dcec60636157921d7b8ea8ea0a6356208a945222a28a55a9b73ab522f726f9e2cc190938a736d495884b1955e9e15454208a72524d5b9d8a2ff0e55e10655c60509e74baa9d48cf831e9d1ab53ff006e64643913773b966448d188e953995e8fe766bed3d23e3e92862ac5bc2f85870254c717748a773fb3ab5238eddca6b1751670d70304596b89b6cb4512dbd294ecebd29c5c2b6db8d58578dec64646464666674d2bae5515e33a3524a8539d28f599e5c18f4e957fc489172e3e3fffc4002c110002020103030305010100030100000000010211031012211320310430411422405051326115234271ffda0008010301013f01d58d68dfbb8e35d8e44a68b22f463658b493d22fbd8d962917a390dea85ae7c9b51b2737663c0921412eda1c0711b13f69b319451464b1c58a22e0dc6e2c4c8b24c7a47b5e921e962917a3456ab4b324770956a9f731c6cda6d2bb299b59b19b0e99e083d1b1fb0a436568a3a32cbd18f5684b4b2fb132f47a31ee10bb9766d140684b4978370e5a4b36d2136f4af69214757d8c7d887a450f543d6848dba47ba8a651c9c9c9c9c96c6d946d369d2455773ee4c52d5b1b16ad0d7631090f462d68ad5a23f81450fb2bdb42d1e915db438eb15a3d18862ecb28af7a8a28a27dea06d141b7474078cd83868889451b4aefa368968f5431763eec71dc3c46c361b4da6d28d850a274ce98e0c92e7b28da4317f4d849108d0c68a19288845eafb2cb2cb2cb2c6f543d6c5c8fbbd3cb91a1e31c0da6c368a3658d3391c88e513b322e74a288c051d2cae6fb18c6313d228a322e0b20484fde64112ecbd304fef31b24498a46e3711922d1688a8b27860d0f02b31c299961c9d31405112ec4c4f56324485a45e9225e4c6c6f92bba04bb28a1e914498921c5091388fc18dfdd6629aa2eccdc107c88b22cb2cdd4ac97aa923ea59e9b36e6678e962d18f58aec648908b22cb3367ae04ec8b3e7be232846d10de8969b2c7c176781f2570789117c11c8cf51958a4629de891b071a31addc19f134ca3d22fb8f512f81b2cc7e0bd1c8733aa2cc2927ab26329bf029b53dacdc5fda3772147ed191efb169639966ed16b223119b7828c91e4831ba272b172634d0e675ceb314ae26295195c6511c4c185f932c1af24d569c9d490f3488a94b93a7ff47036b20f9d1c89661e4b1b36b4acadd3b1115f692c5521708a28a28ad5e9128976221a5928914517a644449f81d9e9fc8c967fbb6e9121fe4426704f257db12391df2648f0638f251b5332c16d1711391c883365f92591c1d12cb7a6d1a64f3492a31b54213e0ab66d2bb5e8c64444d76222b5b1c8de72264b57893218d226c9bffdc2f075a998656868459e58f1a448aa1e93e51b4da3c2471d6938ef9138d3ad13d383a48a3e05c1b8bed96b2231b317a69332e0a258c58887a6dde09e17110f4768f2495117c692ed919b17dfb8df44d7367a77c098d17c912797f84bceaca22f4ad323f820ab83d42e533a67484a8dbf2431df24b1d1450c5daf58627367a7f46a2b91d246676ca231b662c5b513c4a467f4fb79466c8d316591b996c76c4da2231e8b49122704d0b1d98552d26f8222636277ce8f582b36b39fe1ba5fc29f9647c99d5a31f2343f249905489926290c5db2d228f4d8d47937136db2513618b17245e99a3713362b918f07c9b8dc6f3709e8f45a31c4d828115a5099655a229eaca23c1649e8f92299908c4fb8766fe48cad1324cf047ee1633a64a35ac8463f26f542c823691810444ba25ca3347ee3751b0da6c36a14569c14bdaa1c48da37bee4368514cb8c4de873b3e7468e898d512e4e98f1908ed371b89726d360f18b18e2fe0fb8fb8c591af22cc2ce88fa848fa843ce85ea151996e7c1d265694515edd772ee62655726e371c6946d369b4da6d369b4da6d369b4a28a28a28af63ac758ea9d53aa754ea1d4379bcde6f3a8750ea1d43a8750ea1d414ac5dd450d1b0d85145167511d447511d447511d447511d447511d446f46f46f46f46f46f46e46e372372372372372372d28a369b0d874d9d31af731be6b45d8c739a7f711b3717a44ad1a24abdba2994515a597d8f4d874ce99d33a674ce98e065c7f3ec5966e1c8c5febbd32535d8bb3247da44206d369b0da381b0e99b0da50d146d2bb2cb1b24c9ae7b2cdddd8fc88645f63ec8aed6892f6604642659621890c456acb2cb2cb2cdc6e1b32165fb285a314bb5b5a2ee9c46cbef4475b2cb3717a6f1b1cb4b2cb370d97ace744a57ee6295c75688cf56515ded1971fce9627d8b45a6e131bd50f46c433717dd39d0ddfbb8274eb5686853a3aa6fb2fd968cb8eb9ee89627de997a488e97dd3951277efe2c97c3d58f553429af1ece5925aad63a2d6fb98c8e945145693c944a57f809d18f35f92c6c6c6c73d2cc79372efc99768ddf9ec4f45a22f46bb2f47d95a365939d0ddfe1ac8d1d51ccbec4e8864dddb93357086fd95adf63d1b10c9c8931b2c6c9caff00371e6f896929244f337c2f617b2b56449cb4bd67f9ea6d0dfb4b55dec627449de8e056937faa4f54fbde8e5d9464a437fab5db456b44e35dad99676ff60bb599277db9a75fb15db927db2952252b7faf5a23e356c9f9edcb3f8fd92178d72cbf7085e346c78ac7818e2ff6c85e344b9d5c132783f84a0d7ecd088f8d23dae2993c1fcfda2f1a2fdcc58bc085f8718dfe9909f047f131781fe9b1b21f891f04bcfe9a0c87e1c7ce93f3fa64637ded7b91f2724bcfe9f1484ff0a0592f3fa7890fc24cdc3fd3e3c2df2470ff004a8a27976fc0b3df84757fe0b24486d97e751428367499d3674ff07d34374f9250fe0d252dd21e55e0cd3fe1bd8efe4441ff00dfc5516fc1f4f93cd0a2ce933a2744e91d23a4858d0f0c48c228b3247f86e25cfe07a15e588c9894d19316d7c92566c1c227063c57f848c7f4c97dc617e9dff91c9fff0022e5723824e99b1fc1b521c91629ff00c3abc9ba2313e3938f22a6b82705674ab9271f9d57b9e8d7dba264d5a16284bc704bd0df867fe3e5fd17a1feb17a54be7f17d2fa96fec918a5f07a88a52b62ff00f46c68dc97c8e6991da4e099c237a1cb9b164aff002422e5c92634991c3067d340fa689f4d11fa6893c2e3ec471ff4f4f1a8e8b46cde6f1e53adf8a9d7261c98e3f7197329aaa37a29be51185f925879e078da3623eef038daff00274a8e9a385f0477332aa8964654277d9464f4f7e09636848ad622317f9d131cc721c8948b2ff196551462f54b23dad15113512edf07465762c1fd23852f8144da3c62c367423f24f242064c8e6ed8ecb3164dafba8cd04a36b5a2c7267a69dc6b5921a65b2d9c9cfe3c7876472c5a2e3f07508fa85f275a27510b223aa8ebc497aa5f04f3c9e97a6c3698675f6beeccae3db47a75c898c64e548726f55f8e88fa7fe8b0b4e8583fa47045ba278a311a4380d3299b5b16025892361b450674e2bc8e715c230e4be1f6b5c0fb7d2af23458ccef9d518d73f8c9598b16dec6995af26c1404646af8364a5e110f4f3fe1f4d27e59f471f967d2e36b826ba663c9b976cfcf6fa45c0ca1997fd767a75722715f057e262c75cbefad231bd39315297dc28a5e072a3a87509cd3e198e55e0f53877ab42744257d99554b543302fb75913f3d9e9bc9ffc4002c110002020103030305010002030000000000010211031012211320310430411422405051322342526171ffda0008010201013f01d6c8cb4bf7670fbac431a1212d27a44a369311145138d76247c0c8212368f19450a025dea36c4e3144b2597db6298a6589fb4d8c521c8dc4189a1f928d828e8c9a211d67a5696458c8216ae26dd2fb1ea8bd5c7b96966f13d6c72148dc4a672c8c49ad231b147d87112a1b2c6f4487036e888ad50f468aec685a5e965a1a25dab4da51658dd8c5a2251231d162dc4f1515edca46ed63a3448809965e8d8b47d8c43d3712917a4d76a148dc6f2d168dc8b4705a2d1659b88cd977ee4a363815a47464b45214fb2cb1b1688991197d89937efd9639112bde64b44b493ed4c52d64c42d66c812d1e8959b8bd17e063ef72370e492b165148b2f59966f3a8395946d2bb2c531b10b5911247c6b1ec4226a8bf6e8a176d92c86f224e76c8ad37164643248da6d28484b4a369b4da6d36945096b210c7e0489223d88465f063c4e5e0945c7c9632cb13d52121450f1f1db290e65e8a5c51c0f21626589f64b4894484b8f65e945143d262f06c369b4511793243ec3d0e449d333e18ce36892a64bc6a8e4b65b1499b8dec4cb1b2c9487deb5812d1e91112457da5f73edb2c7a64647943626c6c8b17927e2895c5da21eb26951bad8d71dc88c0e98e3427acb81bed7d88463248ad71c34f24ffcf7bd2f4b1e8f4991744791aa2c45f2794490e263c66d278cda245688832c9c8888a32b775a216362c474478470ad5088f9235f24a09c783695c918f037c9132fb3450a250d121b2f48b2731314b9198a7c1389085b2589c471689b28501c492d371b89484da2324d69c0f1ab238223a46e37164d68a22c674c8439268df4a867c91970395c872e072b2fb52b3a6568bb24486262d50cc4c9189d48e199dada5f2461f3a489e8d962d314b9324a90b2b14d3212765db383692439ed2315356286b17c9b7731e35431f9254a06f375f6ad31f93e08a327923d9264df6d68c832f8370bd4332e76c80bfc0d95c125aca35a42367c9295e88c73e79251f9133aa4f29cb317db113bec4ebc0f33f92cddc92fb8d9dd1d318fc09d1926ac52148733a86e26f5450b91aa67c08f81b1b198c84b8a1c485551956887c8c4fb111f363b4c6cdda628d992566097143951d42531653d47a8dbc18bd4391629087d8c8e98dd13cca89e62ec4597ab3d3605256c7e9a05238291c12d17825ac08213e46d232f3a6324490bbacb5f26d5fd1423fd2524bed8e9849da2d9e511c74677ba47a75c908f24a02ee8eb92451142d1bd7c9872b8aa279db369b4d86d24b48b18f483e45911d4439127c6899434781f7a44b4640933815128da3263dacf4eb92286c9ba1fa9a3ea4c79376b1d18e238e963637ac4dc453b371b8decdec6d9c9c9f714cdacdacdaca66d6548a62b3a8c5918e566d543eede3762c6c5036e945d1d633fde624e2754ea3276c788e918ee2754eb11cc75ceba3ac8ea21cd0f221e446f46e429237214f93ea11b996cb66e66e65b3913627ad9639337b3a8cdecea33a8ceab3d3cec977d92cadaad2da16590b29927fc3aaceab3aaceb33acceb33ae75ceb9f50758eb1d63ac758eb0b31d43a88ea23a88de6f379d447d31f4c7d31f4c7d31f4c7d31f4c740e89d13a07d3b1fa667d2b3e918fd233e919f46cfa2910c2e03efa368fb10f1ff0e8c8e848e848e848e848e848e848fa791f4d23e9e474247424746474647424746474e474d9d390b1b3a6ce9b3631e391659b91bd1d4475a27d444fa84295965e97ec655f6887aad2318bf038939dbe345d899177edf0705a2d1c1c148a45228a2914879a629cd9f79b242c4ce91d2428221ec57665ff003a55aed4e8964b5de8c72f6e4c914cfb8dd23a8ceab3ae7585951d446f4266d4515ad145085d945774ff00ce89928fbb1641fb2c7136945146d369b0d86c361b48945695dd1f6d8f483f8250d50ebd844254792bd87db451451450a22ecb2f5511444bdccaaa5a222c9406b462f6133164f8f62f5a2bb56943117a2451456897bd9a16af58b10e3674c70258df95eca662c97c3efad6fd844843895dabf032e3ae56888f66d32636b9f67145c9fb0f4ad2b45aad1f7a8897e0344f17f05116946dd1997157257762c5b84abc68f46bb1fb0c5ad17ad097e26d46c2bb59931515d98b05f2c4abf0d888445d8bf3658bf8388b1d90c0973f8acc71d2b58bfcf715f8f56255a2ce752c4457eaabda5a4623d6d985b7fb1dc2916366e212b7da91871d2fd7b19f3d8918a15db831df3fb167cf662876c236e884697ec59f3aa21e3b7063ae7f64c7e75c51fdc31f9d12166da2f508534ff6cc7e74be06f48cda21ea3fa4669fed65e74931f6293463f51fdfda3f3a498ff71243f231fe1ca6a3fa6635c931fe1fa8f22f1fa6c8898fbabdd9be4878fd34d193bd2f724e91443c7e9f2c47db6297b93f07043c7e9f24492fc2c86d23e3f4f2268a28da6d2bdd68da2fd3b9219b08e21e3361d3258ebf3ad1b90f2a5e4ebc4ea1d55f83925484c4f8a3610456b2fc5b47563fd3723aa8eb9d73aa7507363937f26f97c13737f049b8fc18b3c6e99b11175c7e066d232a233b422cb67237f872eabf04fa8bc97a3f52e2e998f3c24acfba6ff86c9df085193f93a6ff00f21e04460d1bd782efc1964fc2146b962cff0003c96639df0f57ee657ce8c475191cff00d3ad11e74757f173e1ff00b228ca957262c2dfdc88c1449b55c918cdbfb08c327ca1c675c98db4ce95f23c392f831fa7a467dde10a1b1dc88bddc96d781fa89a3eaa47d548fa990bd5321994bd87939e0c8f9eda368a06cfc6ca9a744f22f062cbc783aadf839646a3f7321b5bb46f3edf22c95e5993d7411f5f37fe51ba73f9278e35c9e9b1f26c278ec6bb13a31fa9f86466a5e06fb243743d6848a12fc8c98673970cf53e85e38eeb364be08c5c79b21ea25ff6475a3e0ebff10f2cd9ff00d248e98a22b238652218d4509228cf877ae0e4b2cb659b998324a52a651c9bb45144d6a98bb2ff001e6b72a337a79f847d3323895533a3fc361b4da6c3a62c44609696291bcde7a8c37f72369b4a369b4c3c4d76a326abb5fe3b25ea7f83ca9a1e7fe237cd9ff23f07fc8bc9724464997a4a690fd4f344336ef07239c22755bff2858e6ddc99ea316de516596589f22ec464d576cbf19b32e5ddc2d50b21d4fe0e4d3b1e5b21923fc14d0e64b92789df07a57b1548c93bf04629793acfe0591df22ff93832e3707db1f1db9355db37c18b3c9f942927f899b2df0bbdab1411b121b21cf91ffe8bd28ad198e74496e44f1b4ca2b4c4fed5db2d576332f83fffc4003110000103020503040201030501000000000001112102311012223060204050033241511361234270815272809091a0ffda0008010100063f02ff00afb8e76e37317c1f6e09e56eb61ba9939823ee3aef48dc75f69b9b4e2c98c0c3736d230f55ccd5f2a6d96a46190fcbea5d6c3af33ca983a8cbeda47f84c5b922a6fc0ff67ef9bc8c89baff00df051b9c2f385e5772fc9dbd44b8d4e3a8bf4c6c4eda28fc6247a06aba990d7f237a6963f920d36c2c5bb04e32f8674ea751ff00a856c1884ea8356d5c9e2ec49622c32ec3994cdb2f4197d44238fbf4bf4c628a222216350aa9d79d365d045f5118bf19cdb282260e9032918b639707d84a6920cb5f184d9a5536a0a695bdc827692be2eebb4ff4a22eceab20bea7f4a0c82a0dd3049a90fd14fa74f8f6abe7c330fb6b42fc9f8bd5f68f4ec7e2a3e4ca98b754fc137512943fda9e3e9454f9f26d520fe8ab1fc94b93042e2ee35127e5aeebd0fd5a499a8cf50b5ffa97c7baf96942208a8f70f528ff0009d2e645ba74c609425ea1b94b20c9d398748253321aa08521475562254cfea790a97c536fe5193a953192d83d4e471981bb047d85e96fbe52f840cbb8dcb270cd5962c58b1a54fb2c4f1e5eea4d3c75fbc65e591d16e63183262f511c8e464dd91e818832a0dbd9f8b413d84f639546e1d3d31d2a9bf3d8e74e30de01978c26f3767fbe053daa782cc96e00fdba6f41a884ec72a8df1c593f5e09be4cab8cf12c9f7e0f3d374e2ae8664f07f928b2f15c8bbf06aecd9474f6af15fdf60dd9aa55c55d37e474527b175e4ee9d8393c623b074de751d78dcefc6e7eccd56db72274d9cbe9dc75dd74e431d6f50d4c27326ac8c5a81ea5e691fd8e61979c3f397e70dff6951ffd25e6aeea9cdd3054e6cf82f367e709827384e6aab8a7355c539ab972e27356c53fe2058b736cdea197d346c3512a586c210b1626926922148e548a9f07e5f50d309d0fc0a114f629141ed35567bd49552c420d5216c1865f0903a0de7608a4b31fc9ea221aeb55c2110d089ff87d1258b97c32aa17e8b8ccae3e557197c2c794842d83666197a2d84613d304a612b8452e6ba09462150d3574fe6f4eff003b0fdeb54478ff00a257084193061ccf4a7ba709207b2630849735545c841bd34269210d43fc9617d55432d28ea7f21a52df2352e35524e3f968b2f5a55df41a885eb9f0b18c971d3a27e0b1032993d347254d771a8a476619d7a1e93da5d864f9f912bba7ecfc94232994f991dd547feafa426e665245a2824cb558fd7c75277d38410a5cb972e5cbf8acb5172f865fb32ae0e35105cd665ca8883a0f4934b8d521998d5064a99507a15d0c9508b9bfc1153217c327a6a3a9a0b8943ca8f52321041957a9bb564f3b92a21154651cce9f2667195452d286aa4d74ab1a2a1910b0cb499550b8e490b83105cfb24fb53da7e45a5ea331184f74c3af9d4a871f06fa172d27d0f44976535ab9a11cccd238a9ead2e6841f06350e8326161e9a498352b905b16ef1fe7cfeb524861a9c1ea42106a918b8d40f49f4a7efa748cec85c752c475c63652c4ee4639d1094eb8f3ed492a5cbf43a0e86551d4934a3928c3aa8f72d83fde11b1ad4f6aa9a3d334a221ee26a51f7d292c7b4f69a1588525495c230454f38f4ab12a5c75c2e69257065a5c9b16734938c6db216c67a1d074ee15065ddb7907a465332544e2c8e58d7bf25884e87e96f8ee57ef61907a8823ca3a1aae69a0d14a1aeaffcc24b10a42e36df64270d469b6195771baa31b162c55b19b627c85873f6984f4ced3a972318270555342743d9865edeaf3cc83d5835483d1848d49a947418b1a8cd41af192f8684352f5461386b34a39106a51d0cddb2f5bf96643f7d506924fa209206c3ef6972c74ff1a1fc952135965532b30ca37c1993693697617cab26dc908c832f5360d8d875c254734d24172f8be0ff002831f8ebb6d26cb8afd9699253c4b26f3a753a126641cc89718becb0d839f969ff00386451b7f35622fa6e229551f1d938ca82e4f0ec665ed270cbf383a1f936a495e8cd4ca1a8d374d86eb81a05435f65ffc400291000030002020203010100020300030000000111102120313041405161718191b150a1c1d1f0f1ffda0008010100013f21262651709684ee5b2fc8b2369a645c68528e2b6681d4a1e3c0878258d08681ae11f62c9c6c20c985cd8d81b674cc50d8281c85312be0c6a842c77ca11db2484b08484d8d0b688d951141735140e612821e4be4aa62e9e6a308d71b8ad9236130d4c40d8424c60ec682566ace831a2378d86c0d50b8bc0631ac83c50d160ec310d62ad0c45848c6c98c1b31e661634b8a43582c532eb0c785e34a51602df78090be3b28da1a9bc689c58761a4502889c5750e529e0414d0e24378e8613d8da1b350fb18908328bacd1ae0ad8ab1d2353022487c0509b19063686a11b6290c3108410a3c105951ecb9144e54a52f0a5146121de17b013048cb7e1b2e3082810c9c8a18c8291019b1d8f6cec4c8b421163b4388d0de6a2789ae2a6c358a10dc1961d14c3098194467ac2958e3189381b0ee1365d60666160f22651bd8ba26c7875e6be3a428768194345b121249041572a5cd2a1484b18dd131e6398d562131b528399b65a9c88ec22e082c55251ade26762176257436653352184904988346291e311110de191a1a265d8ce84c64f2104b179e848458bbc4eb96c795a09f96751c709d16b010dc4a7db1ff0067ba1a05fd88fb17de2fb847d887b218f1f7077d8f6c6e365884dec541b74361b20b87324e084d9715e16dbc8b45359ab4758267d886831652130cc2b0864561d0391874518d15c2e309a25e05b3a607b0843c36642c50221218d8d8ca278585e2e82c280b271358d84e86c2fb84bd9f7c8fb19f67db3f43f51bfde2329d70586ee6f78ed85703d2842d89cf40a0d7d8eba2c6a76579d66972b85a56558e7d146f02c18e252d8e63c34d15717d1608a290865470d965a0f4c90a4360c1747610b3b0a3b098960c2c3434c2ca638c27e2e990613a2c42b06c63c2785dac18b8a38a1e2e63cb5b1bee0d463464351440f4a237ec8b85b18dae33e920dfaccc2ca898e2f64368a62425c7bb10791a8ca26c10a218ddc4fbc40c1416c90d44e2d4b32086743b0b28570dbb1a05a222491185978a78185e1ea5a63166622547c48a30349cd250f8880f42158b078dfa1314efa3a098c7b6265af435685d082d6b088b5c69728dba1c905824a259787b086a28d7084b0d18b6397584983efc03994b46eb03d04de083c7b09109b13458485f781c702e1a32c3285c0e2f0b2fe51e246cb28a286f86a415631c19d281d01b092ec74203d8d202e97622958c6376c89f47b0a3e4410d04ac4e8d8cd498ac265128da682e8ac69829a1660d18b1f567dfeec6409785b235420490c78311344d8ba13634c90facdd19d965b8a33b782be29884210888422e01ae576e183193d05241e93e87a51d312f6c6f7a37b313ddec5ef5a1288a26b68de514788f16099db698ba3a6295dc1f94254482c124361a9dc2eb8c20c29893a01363d778c4c13325063c1891e8bb1b598e3b8fac5d858ecad8d639c6dee159821b1f941c178852970a52971ac115125856cfa46d0eb1bdc108d8a76c6620c7eca3d1a832eaf491545d62217b610916c7b12c24347e0d89a145b10e982820274c40c086c5942bcde1886258f5d637aec4a1bb318f2437a2ef2b861dce838dbc242c4508f5ac585182c9bcd294a529725c94a5297c202c27b1639ab8ca921bc24ec7d9d06753642d8d7a2d1a9d584771ad8148428122b798fea521b2ef18344c410fbcfa770196eb3268856f62c46479a37852946931c1ebac0a7d8861878144c6f436f0e8683be1d70ec20b996084f805f3bcaecffa1dc37d0d25d8bd84375e86c5b6383d12c46c6b09098e9f62e8ede08363abd211b5043a288766c6db18721a785c018a5c492c484720b13311a107979d8684099186c218ec761a0d036cdc36b0d83d23692c41303393c10a8b2cae50157108b2cb28a232323232323c23231542d567b873b1dec55d745b43d0ce989f644558ef488e8031af6c5f779d8a7a7ea1eb97637f42fb91d0d8d98dc4910907d283305dc0b420b2d14115f09262f026a24684104151515104102b0363f029df1743b1df06c1b68d5d0dd6c9698cbc289e084ac4b592592a049016d1248d46a242197c2d97837e11e91f4fa35b66c3a4175091dc3510d3e82115e83473ed1d91f58d8bb0dbd882d9ddfd199607ada1afb14d0da1b74271bf59e82263f6e1a083482312641b151266c6c185af62fb0a8c1bcb17cec765465ba3121acc2160766c21651130b41eb686b466c36e77823b9d04d17022904c7080ca1196c3fa0a4abc111024123092c4c42474068a653c21aa2fcc4ba190d60b628b63b018dbb615466dec7a88f76266835c6c484256c8440b1a0960f6ac16d1034121034128908350ea50e71016f050d294b91b0dcb2f227c1441743718ec2a63434e26b84c69044fa1307bcef04773a12c5453411912113224120d21ef8f0544a104841131267b5622d0d86b1a12b2315e3a3a84e120944b42546b36e872eb217d65fa425e8d063435ac21302584a686cc7a840907813288b048131a31ae02ee16cb963e1b098932a35b1758220854a1767a1829ab30a1a88294a51bc11df023a40dba291ab1d286eb9c001b514315159924cbf63886b8ca86ee0d9ac560a3a88ed8c67d02eb08586a887a42548421e1a1a262e0b161a3f71e81e2db0262116120b0372ba1764c2f27c12b128efc1ec5d629720582448421832c4a28a2ca28ac58ee2543b54968598514448d2a21918460c3dc5c01e0d88080a1b1ba1178211e092173659ae196610831a190797826b1102ed8d0df3c9c02201eb648cee3d1d3917c0ec51df29685d89684264184d9a1bb3a171519a1bf8358d8620f2ae881144a7d0260ba3a8d43bde10841a1ad89108419b4ba115030809301a12c2b3a170134108594883583cb2656082d611abfa27cc144a97db141a0dc681af14fc2ec30dbc23d1d84342082eb0b75e0b0ec6859890dc3a61e10841a17214360c8a5795840ae6b84419ec442104c48a1110885b45c25668516f146c31ec96d9210858b8b83514ca37ca62c5d1ffb28dd6307838282947590858245e0fa53c59e509b341d845c7a0b6c1a222a124c21570f8b6c80431ab0985c1329f26ad0c2f848825425912109081b45545c13434145c3a0a6a6ec6fb107e84c21b60941629a946dd84846cfd0fb98bd615e835a4e44ca5131c5b58217f685b03ce8584c368f70924b86a86a6d8e83ec6f02106bc6aa8a220431c13263c28aa16cd58d4f61d41b6446c531b1e16c4c263d88605e1261b65448b3a864785444c54143155c4e98ed5b16294d03d1a3825d86c1b8d3159e8247a071ebf47448254985a6c79c0db898ee8787f716c974cea1e7014f0fa91854ca4b194a484229428dde5612c09073068361db2fc4994bbc132c4c82ca842730b37d0821458d148b264aa2610f37710d02189147d888279d90a6f2a58b61430a043a1b86a3868df02a7348958c6bf6becfd40e86c4c847a62e90c3dad90a9ff45249c57fe08de1b1e8e86b4952bee87fb0d7668d1a17b093069c9d4f78d17b16b54fbe778c51a3a8926249b3b1dcebc27953ac2173476cbe2f82161f62e304861842cb6c50906a91dcd8240831af8041636853b67d4f22ec91a43602fbc4e1106ad8950b10c9c9df0e86d37788c88843a136991c67f607a11ec6edfd0d4a8937187dc46a6d43ba12691da261df57d8a2031503376345fa3dee6a40d74cb63859278c6353d087bc624486887a8747760ee7515b1e8490f596d928269a0db8be5026594c71c06a1a4420c3c262c76c5b4450f844d0a1210960820c5c3b089b2c8d84d0d6f07782ecc3a61ac3876c5cd5ca458449da2e016240ff00587e905347d8a0674d1b984fb45bb2ad3d940e8b7f718f4876eb620fac4bc4c28918c577f83c123d8fb21e3830dbccba3428892548486de4968bd87e81a1d32035c051ac3213108265e69433a06b0fa1b7942c771a08693651362e89853c2cdd8c763666b24086d8dac6836628c1a4761656425208142d1261a12248c1b981d487b44f43d29d216c4b043ec45436da1ee3a7516943b7e9882abf5821d1d06b66bb0422da137412ba63d26743d1fb67ec7b2e78bc15fbf47aa98289841db0e9116f6294772994b0ba8c64210684b8121f0647a8c8751d46b8216110906d9a8509ae3be062510824086d9d442e8ec21c70266983d0c3a91c690ca0e8279629ef14a675b3be5b20a04f6594cfe20990842279960ba1121fd8c6fa46c98ab6d1dc64cb8904fb283f708648420e8bdb623ea4d509459a434c2859954d0a4ba47a0cff00876c90dde0d50e9b2506563156174e4c43c90c4a2a0902d2aa10243ac321ba18f0941e8260b54241dce9c4a88a9c2e03943ecea2146e16e691ec752686b4685f468519d8474ee34c34561068f1a0db0a366ea5a48a0a4b82c2d633517b341fd9a47d100b7d0e41db2da948289a5d9aeecfa21de6dbfd2ad44ed2e8dd44dec550507f654d62131b459ad743245ed8938361b4729b44b581a84910437e23c310f0593cc165811e3209a3a10c90ba2e380d4c5d0c251221362eb290635135064529d32bb8fac17426c9bc7024421d0588df0883c0e2b828c44281ee8e84d2c9224afc23a9d782cb12be813efa186e5568732cf7886f419ecee1ec1eebbb5fc4342311ee64c1a863709cf4748174f66396762a3dd144f631353d89da1b22b349265358f65e1d38318c43c10b0d303546f124961bc49d1bc78996070b20d9d8324a39c161bf442448c41d09102510d0d89f6681ce877c9611d0580e1e553a86c317d890d4341217710f8d13f44363a62b52c81f43e56288ea443f21b67a65ba9d122795221c1864c628f6f6153fdb09698953bfb65c9f674d8918da86ed2c1e25d2fb2a5ffda26b27f47ffb26d90110813585c3bc21ec5d716310f042c34130cec470de0d86bc2a2283c45d6218f62c0f6c4909b69bd0b1389d1650d8a1b41d8ea771c6c0c1318584741eb19dbc1018ddd166327a1033f429a3de1e423a15da16bb1a4093931c4c4288441627d31f1bfc3344ff00d218cd9fa74a0e1d897b13548206ff0010b1d4e9b3fe02e8b63ec87839100f5ecfd9b96b8bdec7f655df67f851b5893c6b61241f08a2a587c1e1e0842420b1114a48763c0840921bb78aa2e2180c2d820d11b5d61459659658d8d8751b789221e02c10b1d30a5160a51686141f189b846cd441969e01c34d3205d1d780613cdc3e88431bbb15e83dfb1dbe7b63a0f48868a210c28d6aad910463d0c8511197766e9ed8ff00a162969d228c185c4e0631d78d6a5195187c1e1e0b0b252971830b582031e0626b876c481021af5eca26850d15106870d08ec30d0d8a3c0dc0fac4ca31d19a06048ba6016e043a15162e83556b098c498ce8711458a51bb22f2d0fec7d0531e9ff00b129422684c352f43475d7e60619d233d1225d0c521144346b7e68f6fba4be843451f4387d083763e3cc5358b6a21e48648d61bcbc161628610b884c160485d1ec5d0c4c44b286c5a27b9a2c4c262c78a4c36139b2e0da78571eb85867425c12e2bf70e5d8b0ce83cc142349f61229220cf105a79a94a518e10e850db15a93d93cff004906888c0f71939f68ef5f46982d044f0c99d55fe96ec9f6c7a45cc5342a4368d84824209109435344644c22109e661e284ecac4d86c2613138265747b2e865187883042d16f669712c435c94102516891486c19410250c881629b6c6782c0220684c54264c7098835d6858369ea8f9b82e05294a378ac6e85fa423fd9140cb4ef1299fa0ac27f56c968794c52907190cc3a0c6540cd0281b44095f0068d431b1f0aa78ad6596c625a10675cd43389e4c102078861544633019a0604d8cc70ce3ebcafad37cd48280a1709ca284d92418da23c17351e0947582fa8d8761afef47e8393eb323da621d8d0d6c4a21a0db16458d29625434371043b9c424c1674903463ef6629b8e825e318a707b89f3a7f1e29e0912620c56f65b5e1aaa0823040b352f155154411c8a092482708c89484a2fd1aabc97263a3612b0c4b761e7551a0bfc1144836768764a31d4093a1946a0eddc49fd189cf4a28a2cb2cbffc04550abfafc0015010413980b834d294a5294a5294be452f26c5984ceb0a3446a0c217846e08b462a4a22621084c3aa15d0dec350d1a34444468d1ac222234444118249cc411f240aa8aa02aa098411e2a8009a9225f860aaaaa00a7805c882a30308b43d9a3130b85e21a3804f62dac294a8ab0b0e3ac03d14a5e60528994a513294a5c294a5c10a3652f10a5294b92f014bf0e5f02a8dd57c67dfdfd57d684e1eb4e98984c587971e18d8a108ecc53d8c906deca623409517502fb6297883dac542c90410410412492488a0927149fa1fb0beec5fa66bf6c1fa7180fd84be3aa800fd0fd3042108421084264a2c4e58d61130d0f824421084c262108421d8ffb889a83cd8dc5b46d1af7364627a994b6584cb3ecdc3fe0822620834370a51b170e89f636a7e8a2b2b2be201457c7000a85528305c22982f1747ead1620592d1ac6a26162108842719b160a3632f0a5e2f893b35dd0ff00bc476da890becd65b0465b1c75d08220f7d3f476750bbcc244a252db7ede13836389970c78a69efb24c84cc266621084c42132953628a28a2ca2f242782109c104a2046b1c8a18a1aa31681790783465294a365c5f0b5f47eb026f627f766f1b1da7d60a657e66dc09970c3d9b702bb1a84d9d21762c17831082c3ca19ec1ce6f5f06978081039c176504e0dc64f8d54d8b28987c264ca06a3c6dc6e5661b0e8d083585a8c4cbc9705892761311e86df62afb1ff0060c2b7c376c5ecd80c6994a519305c802420a08418f2c7946a8fe970fe154921624f8a6b1a512e0dc7c1f5b865032db01a060f04c2caf0529706371737298b1ae8a5d9025d21ec67eca2653e8c2795d963ecb3a0c7a8f5dca2c4c278a76c2e2d8c518f0f8b49fd4c73931e1782f1b8ec421a1b3144185b3a0f628a4858d070208261ce4412e0a511bec84cd2f8800c30f3215882294aa7a4c6efb1e8af8086f8b131fde686d0989aa406c69de3413cb1e1268d723e2c83e09aae83186be093213121e3915c1e8d43ac3ec3443c9942c27e088c4a06e8a52f30294a52e5a262da7b06a8861857d8f784c50c5cae0b0c5d8c6bf47084c8efd1ee4264b6413cb16f495817d151b46a0b0f93c31e189974b6ecfa462f8020825334a5148dde08753719de254873e19a96121ad9b0e2c54a5294a5ca44106264fb9f447ecc2e90d865f2ac3e85db1b6519f684c58ef431aac0460a17141a44a6becd93567a3308637c265e20d658fa59ee3f46cba8c6de868dd78d7668c1cb8f58625a1e10f8745628c27c25d99a21ca5297295261d7048651878bab3727b1a5cb1727c5f06208fdd68389e1a8349319b63d6590b0d57a1504362946f93e2f0c437bff000c724c6872162c9826171784791041e26ac6e22d1b13362703ce98298fa184cb8a0e70513083798cb0c30c360f83e4f9967f0f784276c0dc1ac44da27a675f0e5208c194efc5083ca1ff00f4b8df584210d0f8bc28d1304258a20ca782d07b144c5d0c2c312262de10e832852340919d70a1e6e9c12e1b3d184c7e27f595cf796a7b1083d0c583b1d3b0418f0fc0fd3154d0dbb12762b2e13f218f2d1df62e0c327a18b8bc341961e096878e9c294a23a9d84c6ca218c3621739110c68c6b3165e0bc6882dcbef83f0a28c713de5f0a7eee8a09e170bec88c637f45a11ee244a3fac3ea410826510be06318f098e17533b43d04f7308d809ad8351e6e5309cc1ce985d8fa20f02cca43c52e131b1c6773a8f9df477cbbe29b83f3b1bac4d70fcc319ada352fa762652e0f4aec6cbb18c84c1868382f47b42e80f62744fc2c6419058757d1a317d8d437a212fb18f817442654a6cc2994e98c209ac50cb8b90626c5a5940aa297942619043758d89e7d722e2f89762e1ef83d0e34162c28de663e0d9da137a8fd846f4dfb11358271587863c418ded877ad1431a30874f10f894a2146b0b14bb16a3d8a27b174361e106b07851f43c24262e109c1e0bef0f85d7163789df8bcbc6b4216a27888f346e1043734434869f93318c43bd8fac7eb08612ab85c3fc91bca13144c7ca435c6899d06f0d885c1f62f141108410ca5c0e28f9be0c5a79bc6a1fd1db8b16615d19d6107ee06834186995e355f1f533d9528a2294a5e109865ae7a25e9706135208d6b24c67e5c2c8350430994bac312c20c43cb630b81d8e992584260f146ca53eb28f1fce4f833df0bc1b1fee1df062e0c7437d0dfb0456e0f01e2b0df3a66d090d7457585c1317067ddbe83730a5e09c3470394091c10997224482c51328c3652c10f08582d841358242435831318a365c4b45165734b878587e1363a781e529d09e29fd31b60cbf16a9d1769ac55ec45c59252b1c377d8667da5c4e2c246210b47fd804b62584e171784e04c6c4ca2c9e1218d8f0a7ac22e14a52e6934377098c784fc098c62e4f3ebe46931a99be67f4a1d38fe870d59e82a018360bfb0f64e2de116e1a2104f66c574f3309cc2e6841ae146c43c2c8f362c3630dec4f8b66ec2e7d707c18dc9e5d3c7068fe8d227c062757643fee2651124db163d8fecdb81484e2c841098f09ecea7a3d95fb13ccc26682970e841e1e28d8b0f062c1e1b1b1f1236424184f93c313e6fc5ae4f85ccc9785676bc8fb713d1dbb1b13d8b9ae08ed41601ad1b0aed62899eb8b63e46272a781867617586c7842c4130e9e18f2f9b346519fc17c999084f121414ef82cd177c51b8d9f42fb0d7d0e9f66c17e4091921144f07d10621b132f39e86c78ee75186f0868c6329d44a3188b50a7ebc2f92c2d3c384fbcbc1762f8b08343f13132e60ca5f10d8e0dca1d606ae21e18b9487961b1652147943d0dc36185fa8724302e0e06a21278d887845363d1790bb10be331bf13c210e86c6f9cc416b23652045884e3d8878452899e879996c4c5c04a8b06c6f8962a762d41ab8518f9be0d89e563df845d7917c42441e17626a0c5c25c2972b0d8c3784ce83aa08de1709c3a17090d108310b042c9f86e0e4d0375d7e36218fb296a2e5f37d0f7f1d7821084c2586f826c25c69b208474363636504a213699d8f687a109eb286762e5f1a2c78a41416015d47e24990f43f276c36a735d7063f09fc342130b0f9a97331ef8379425eb0a434446b144cb9136741408a523805030d2c1e5e1f090a68b96218d7852a3ac19efc2783f27e76f1059486bde261f23fac42652e2d8c5289761509e0b84ea1ae0c378751944f8850de26e0f0f2de3b39be6f2d465de2f0f795c7b13e35fde121781f3278ac44e146ca3c2592e29d8843ca651f675f0986197c1215789e5794c53df88fa177f158bc0b0d8f96f4a23e2a366f107842cbe0c316263b9d3c06c61b1f07c10589af3989e25f219ecf44f87df8d8f8b4e26ca37963785d8966929a71a2cf63a703e2363e50eb110e6df81be3783cf4cac3e66342c7bf88fc2c7c5ba14a57cd8f1d38a2c13d0c77b3b6de18b3d8e9c0f2c6297941a248beb85e14a5cbf031e175c170b841b85e505cdf062e0b831f1814ec98be8a2586379420970bec4dd18b11d61611d8e9c0f84df0a5c3e0d9e1eb0a5c28f02170fc2f0b0f0b93e8e9fc262de3785c37963e69c2b48de1b9c0c785d889c19f87b3a0f42dc21e3b1d791871f2a5c52a7f4a3172de0f14a279bcd8d712e2b2f5e1f7e52ebc0fc09a16b451efa13597886827284d8863eb0878ec75e2a27c4203744e4b8b26594ca78b1b4513e14a5cbc22789f343fbc2f3595e07e171b2d13831a1216b2f330963a61d31b85c763af0360266cb0c1f5e702799383a1c09cd179279785c5f0fee3adf8df897c1ea312df16258a5e144c82530f36aab84cec751f0d44165a3c421f43975806cb098fcfec11de2780b3f9e062f8cb83c3cae64c5e5797e1d0b78630db18b63c773a706cc9f02113280c5d625a987e768570c7f65c528f0bc2bc578ebe05f0f71a3a28b8af0209a687a3a1dc62625c763a70519042178711abae00df9a658f923de5781e5fc6787cdfe67be18c4f93e770a3e8fb0b674741a3b9d792a165717bf1245f15c31a1ae4b379dc3e6b0bcef977cbb658852e6f8ae6b0fb1a13674cbb0982c2c2e4c7c1786f063163f70d715c52e73e06f82f2f794c5963f824584f685b42ef85d85d60b82e4c7f058d9ef82186cb2b33c0b0f977f35714e6b0b967789c3d1f70a7685df03b1d7042f0bf1ae6dc2dc2cdc28d2127c37e5f79b8bc165f14f10f0f8ae4f4390791e3bf0961737c9a1f8996e53e14acafbc210fc3df2f599e5b86c7c161725d09f81f89be1746d33d643176209821789be146cd1a2a2ac52979078ce0b6e21d537517d0d4f22f3ff0039fa1e2f97ae0b8be47cbec261a8626f882f132946ca52972265c510b14b4a3dac5caabda5b1a35a3fa77969bc4e0fcddf3f47be2f83a596745e2f9bc2c3eb1d0ed15d1e8ec2eb0585e06363632946ca5cca42130e8b92e69b7d560bb3ef0bff0018f82d21bd1ebccf2b2fac58871817426ce821782946c6c6ca5c909b0921098a370597c14cf7653bb8585cfb37c3d8fc2fc8b87f79ad631ec4eae2d79561e7b0bb1b426f142e4d8d8f030c3636518951271bc1f1b87c2706766f1d5c10bc13e4e81f98b97c5e1084cb2cc85c98c63630cb3b16c2132db2f00994a3e4f3097a3ad63b50d781fc17e65e34122f3bcac7ac7ac2645ff461c6173631a1a118db5862c2c41e0628a2c9e3505109d3e1a3d78d793f392dac5217c3ecf5c1098d8b946132f183430c3c5ec99b92978c31a4688426265e05c1ef9dacbf03c4f8bd05c19783e6fc68928f1b8c2e5084c8f26ca37884272a8834c518c78de3288c89216fc4be27f26d513171997c161e265890f19e8c4e262e70841a1971084ccc5294a52970d08d61312d4a2ca46cebe4cccf93787acfae089879597ae0fa10db1f03e0844f0b2736f89f4e03647888424a2e46d3e2a15f142109e75b44c2cbf2acbeb8a1766a1b22e7084c759997884cce6a5c3262e7acebe074cd2f025e1f5e77c35e679997c18b0ea3a3662c1b5dc87b3f621f4cacf4c3247397c5099e498a3ea28db46c361fc24b8f5ca13842796a516263d66f91f0f7b151da17f6b1f5a412dabb3d8d0ec023b834885b6221d26e1bf51181e815727f01cd7ab9c266707e1f5c5a4259f41d0bc773a1f9a660f1b3b273ee320bc6f8a3bc3e1d9db0d0fc1bdec227b1ff00d0b74e4d2d0c05ac62420244443ef2103dcc4fbe1d65f8bf3cad58d90f5df3daf81fcd9da2ff0005d0ff008c4b59fe9ea4bfd20d6bf889760de8d8a7dbfe465a9a1a8d4abea6353da1232c7ce5847bf2cc2261e161092848e907ff00a01057d43d6e8f7045953a13a3fcc0fed1e76f826f0a0fcaf2f941a3204e5fbc61b17d027b4360c3b4ff0043dffc3d89b6bf9a3badff005b13d9ff000c97ff004026b5a7f0f717fd174117f44bb812d47ec9558abd9a85ff00235d4cb63d8dea4838f1aa361fc908ba13f07a446bef8a208e9fc4821882c10c31962826fb2ca58b047a6205434444fabc5a7b27c55864cd1ef1084643be18bace76e7fecbaa30e5bec42fd05ed147f638169c5fe175a311ddc1bf4f83f89d7485e93a651915564d5523a767a4d19366bd1fd210113f725e8dd464909d58351af4e8bdf059e86161fc09c10f413d8abb21d08851c24d8d8b79b130a3b1cc64ad886984e52e33e03e5d9fccfe6262c2722ecdaf4fd37ffd6247759bb4947017a53fa3dafda227e8a7a5809869574a6d00b6a2bf67d635760fdb48720efa4d8c0dd29cbfc1cc87f4535b1b191a6fe849a3bf434ffc8e927d23789434bbff000b76f40a4b67f6ca5a5dad412fa347e851447faedf9959fc1f8ea89a65c7f05f0a944ca704e8bf0d86c86e1367580812133a79ec4fb07b43de6b8fe66729e4f5e2dc04fdd19fd5c711205bdd17770a089f70313d472fa466c03d537d1de8ff00239688c4f08dfa3b5b147610473b3b097b98e75babefd15be967507dbd8d6aa9b12abf23f8ce8dda5f734351517dd13713d4243b3a37ca4ff0fc593aefec96ea31aeb1a9adfb7048468ffd83b782af33c3c6ddf2266a0d06865b8bbc0bd8893d06ef73ec3d906cf629efe0f5cee6783622e19a3a40e87ec4749c2119bff82126f541287ad5150fbfba3517ed9a3337fa4f4952ee1b5a7a68d0368eed19ff00a201d75dfa68ad0b0a1afd28ce1881a3d056c468b4baf415defc079ee21ad6871f7bdb47fdba193344f594b3f0afa1eafec05ad442fb0257fe3116551faa3f6424fb1fde35baa350df66ab51faa3d68d9de1799e42c342f9a90f631df187827c4fe93e13c3e138b0d898a3d9e85d1fe20f688c62d7d1320b4d0915d0ff00a7744d4e876cbffca2c9abf848fbcb0d67f87b2abdf8d8b7842367592fe101efd154d154c6776865d445da585e8da3335ef518d7b0b63d165bfc06dffc47379dedfa3ff9010ea394d1afd7f8357a3d9b631a7a16c3fbcbf65c2e97ec42568eb90dbb795ac93d9d47629215b7c279a30dfe109f03be0f2c379723f4c803baf44b6d9ef0db05452218d4d7fa23adbd9b73a8ff004428fb89b5eabe99d484ff000584645095d06dafd0bb6d7e9a6f637fb5871ba669b62a84674eafe889510e8746a6344d68f40e77a0823d6286c69bb276344327a152c2219daa3b490ced8be14ab885d58185907c16743c318c7e5989c5f82f099930dcc1b430de662119afa3dd37fd1eea1b561846b0b623e8139709497f854e93dc3eca5e99f4704ae26c2553afa47dd6c5e81954c23135d6cc6e318b348249f4177875b1a1510ba3b85b7eba2adb25d1e93bfc2af412b1952ef28899982266c10d2ec76c88c5aba8d635168df5c1e3a7798847d9ec172e34d3082081a150d8ff00f08c528de209d897b222a31c3fd22296aa04e90246e22864cb6c2a35375506347ee88d656fec9121749900747a4a99b344afb0db7080a828ec86d8f71b34526c6fd8b6262fe0dad7f59d34afe9ff00cb4238e3f8766bfd13d5ed1fab593dc4124e1fd9ae2ec531a3a6d1f514ec90ec90f5c42c7561f4a21b255187a963fd0e99134dd3e0878b15fb2b241714a7f3e24e309c3ac6a17824d88a9c37cc1865b8543484887d7d8fc82383ed31d229625dd7e88ffe8477120efb1094674a0d629b67b9b869b82bfa10956c6dec736358ca03e8d3a1613df508eb635d4508b285dff4109c4e14a5cdc237cda1e10442610d7e869f5650c6343c48e96f453a47de840a7a1348ef0d7c27c271d29d90d8462273736216bfd3686bf04b7d8d28ba7a42dda7f876ed7f454d42ecd4bc1e0d84c27640a3ac745897d8d3aec43a303afaca0c57c134a58ade8ac761349566621a25c1a44c3ecb8b44e3d0453d23d0c68fbcb18f1305201f50347415f47e50f4c4bf0df25998d88411489e4b035f4771ff00086f777f4ea51eacfc0976dbc4ec830ec447ad8d1e933bd4270dbd0bea3e81f9952b1a0858c56224bd9f8083c0d46fab463d8ec63e86c3a1d1b1ca7f859458a2866f051450ea6294a5294ee35ea47d0bdd82710b7f61c4d8fc18f1a813d96d8eb48926123688a15167b2c37f1ce6f95f1b26c6b5f00dbe8834c243edf44875d88a2fea3e81fd027b50ea3089dd957ac3f87008ae827d9bc21df292cd451560a6904a950ef06d8dfc2281ebd413b4cfbd5237b6c2bd82103cadf641a44bb211126109e04743fe4072524318c422fa1f42122c34a3fa85244a7d15883ac9ca7398f595e263c179db7b00d8e1a42f053f1107632f6d8a7d0d8ce23f8873b1957b4133ab3a134cd8882dd209dd88937b43b31ecc46d7fa1eb47d09c4d5348dd0c4aa19a28f5c6d0d695ae90c7d3101a93ed667bd86ba8d4814d8930588223b41925a37564213923b46adfd346290a2120c629b8dd565e865758ff612dc16f3fce2fe13433b7964ea52e106bd8e87642b1d885ad5fc1fd1a4fe126b490937ecb9319b7fa1c6e9fd89a74135cf630bb6346c40a3d09342d450ca9ba3cfa2842d687d73fd66d5062ed4ff0082ff00b444fd55fd33b66cf59186a2dd31dfb2bab95484d1e8904df8127a7a123704d74499f86eeff70f048d0918f0efc06b4c31290c541d2bd0bec98dfcb78761f8d7c29bde68f2d0cb1e87b1d094210d846a21d89089a8594d8f53b28da1701412554845ad8aa0d7b624a207444efe1ffdf47d4891da8ec9b0badb1ef1687765876a06a137ee75f83dfc657b1a2b8a2a98f5dcdb3f42d84d1142396e91ef0bbc4f50c6848ef21b157619c11d453a2b2d0e728f62121fce130be31df8be49ddc757d93820d660cd8629c14c68426550fb351bd8908add8869a3541b0f3aa9f83ed30db7dbe108267ac1d0c3133d31adf83d01f7fc01d58529bf45f433428f30ee51314bc176ed0a8f6c7dd0390f6c4cb65b8fb627b8e468329833a0fd68fb0585358c13f5e8fbc84f92e107e29c4fc6edc1f67b3a6109984ca3a25968d416fa1fd21087816aa61b3ec1b26d8d57a85ad3b5de52ae0926de05f58f5e85b2be849f43d60465db6434cfa66c7b46d5062a84dda3128d3d6095104086270a5c3643d22195ff00068c4fa131109c082bfb3bb1b0686c7e0fb1b685d1ffda000c0301000200030000001072463251648a0820820820824b3f277809bcce1cbfd615b82a2fd4048797283a986b50b4632488d82bcc21a4f160a3062f1a570820820a6282086df95ae6e769871cb7be9e020d574c7660b045899e3e471be89f51f53164308f5aeb2899c30ec1dad1d8b61ea3efc585650dc70d7212a4929f95b89b106f20035989b530d0099abf38aa8f09a3a2da9cb360685c0ce09c1e2b60f4851f79c21583ccc641a67f283a0acbac0a1d8cc97da8cbab5fe6db218b70fb16045e9bdf05cb257423b51d3a19ca992c385809c5c5cdff00ca5a8a1920e28b2174e786ae57136216c91126f46fb611d4406871f1a4870f591049aeab763f7bd4d51dd775de50804bb9b4e74dff00323e74713b9c630d58e1f4eec4d1b54b9515aad5d39392f77c51e8d047e1b9c2113a8e3d8afcdf2eafb4d1853d18cadd8dbbd3cc7a641a649add71c5730d84f0f6424aae61eebda92756c3e97bad24ba9a52929fca98254aae47f596ca205348d813990fe9c1d29a20b2dc00b7699467f244b4b4a4514f84a56670cf43430d5bb6758f4378bec77e6663c1cd8fae368985121e8976daf371170b0864204b10b56a2e6072362e2f56422584b3cff59bd50179001cf388d07337b844801af39f25f280f4b13ceae721014742c82c814c500040b2bf0ef9ce2d391254941082e3e6338ce62db820427b5b014b93e099c53c0f476c70534a75212c8344351f4b395bcf43122147815d9767c4251b0e8cbfe601d0f1c7292d8d9d8fbe1f762bee06bbd6263750501b11d9ab510db2b5b7adaaac009ddae8e530323f3a93ee8e439e1a9acba6ac87981dc927259be2661d1c5d0093fb9b2bc4ea6fdcd02d359e76039abf28fd71ec9ce0ac692de842f377629d0a37b8e13b45315fd96fb1d7dad9832408f3daae8f417324e269ff00fd7a6d742100d45919510f83caec1c8e2521333447f908044f4fbd6ef12cee5a0c3fce25362fa5124e0f5b10dfa51a20bbf12c12cb532ac42d10341f48349667d2f5870b5725dc1b3f18099b3801ac23561166353eec30a929f260048fe91af0d04e3d2882c196686c5fb566534f640e019ac0e006065e2ff43b805434911086e5c60da39c03184b24ca43f4908c8430b8083c83087e02dbfe3f40e44ebcce8ba1e82234df61e9a3cd35ee40ac0650444d519d9268c99747fdfb97d8b217032256db4aef1146b3eb0d003999f1a681f0673f6dd41f1fcbd40898d6d6b248640129b8d6e6c08bf41320e879bcdc4b8bf7114bf2718e9aac91c89dc07ce1f8a21fefd196fd89d84e4af407a74d80867f2470c666771e5b87b51d108f432984db2e45b813c924318630e38f0cb382a0f49d98df33f94fccaa98f8e525550c6b503070f29174ed2f0d7cd99d37f016d1d28efc28dc5bc351e1cca8c049730872d39376581c80f815499c919beab4e4d93378b5103053e4b0b016ec02080a57be020404b9b65eaaa58c4e21575efa21005def93cb66c6870242f5e4233a210c6dac3d1bd1010c7f36c0269a4e3c514136cf5d5c61e0af7378dd04e8c21a347c2eedfbdd249e0c124ffe9baf03d7eb8a228514fc53bbced184468621005df74341f6dc11bee24c0c8a37547efd971b13034d5dbd5dc3973fa96280a768ad9a562ecebcb47be49863011e93f9847f1d31cca80a3721929d4c3717855d2e06039d7aee8f66cc34e7022d3e44b3df260c4c47a0b80ab38d768f09652c1629aaa8d5e7a2881b072bdd47847041fb05c84812f5a01645e17fb848bd5c994f3c7e06657613776ee5cdb8c683914da0577322f35c2858e7a87f28ba0f655a2d674de6cfb4574e7e29aaba0d3695c49a6505595fd6eedd2de971155d87b445935a8a39d38c32990a6ca20307b55f670d66a0575df656da5c52c3088b46e721aa3dfd617663c4168128a041af804bab2120a420586984521706e3472951842c3213756bf13d77c2b9723c469f218a7ca703c50f65998980dd2384234828c349b0d14e0536571064dcb372cd24779769280598b19ebb5a121625d6ba8933c575ef88128a2053eab472e9b82000a8c00070f395bc945a61d30b1c608d2ca2e74bae5b01b4b94ebf763d7df73e64e218840bb6b04e38400eacd70c8ab34e0cb6151cb01b7090832450b44d140d08e741ef31bc749ee0529a6bec72019042cfb42048b8c0ca28474408801c59874848648b4857c63cf66965e10d361145d845a77000a6144098ad590094f04e32ca8910312b1c308334224674b49d55c24ca8354f57e81651210a4351d7fa9cac02a389d22a8d798b8d0a1a0c36c28b2c900e00974f4474d170757b5175ce9a3aaccc12c045b0cb3d2439268c50d3b082a83eb4504b8580d042009a8a30a58d0866920c360543741054c795bafbdf01a34a48930f3feec62a1044e33102381de508f1081820cb2ceb8a1cf65108e31142979b75941c2526568ab92e5107547503c5347cc04efbdd539a646df4e7b2088b9e58c81478428c87030495dd7a52182560043500d58011b375c50530c5c94c0661c62dd7606e1be1c9068c7aa130030c2c517151b01930e37a512207c9941201ed3ad1173e79e4942013935cf7df9c929e1052b2e24b0892d2ae32232b2a182514155f1ce368a5e7e1912406516d22fd8321394dd424153231b42e3c9f5239a0eb81808e1419090cd1881cdae6a444113471c3e0e75f5aa1516900fe2701a860d04f6def7d6de5113b2a501bfcbb0ed22d02f94e34a96716e94118307214264171239d43bbe2522f46daac7b60a2f375263442465c523223448533f06a04003b4038ca803e44c130a41200be5714f63443fc00e20a8f1a3e8a4fb75c000a675b761267d949a391ea6c01c9347388b22ae7aaa1f0b7f78b1e59c707d111498845cf3517620ae881479132255f4ba4194a61ce9f99112ad04a2a494a147b4e1b6e88a20924249e0c36d7055193b3e14634cb89e722a3170c51984727dd722a262a52f6bc265d9e3ac13e81891db5a586684392aa2a965282058177cded1cd27a65c201480050c20a961f1309888a6ac0c16cda6cab4e0898a1993ed01e59ea30020db07864c125b1fcc4d6f2ad3b7d80c014c3183055ff0053fcfa912148858e619be2d28a00099eae3bb52aa51aa0eb2408202c600873c9132b9e24d4d3852c01228b2cfa42b7ac10c7d0bba869c48430931690e38ad216d34f3451861841670aab4c1b5470845d02fa13c4328a8b1b04004dca121a37125d60c86411268678ebed8c3cc26b0bbee959a121a8a2c6c5fa3f8fbd6e5a8608072ae0c00d339152cd6ad05544fcc04da4616830a065be5a6a9eff0042f1becc72c886147b6c90c3fa8eee8ffd6cca90ca0d9e9849aaf99e206337fd390b2a9109269323907b46c1956a266fcb26281b6598c24b0b940ede911f7a013b9085a400a2e8087a344c862660650cb3893a45ec82a1b6f1028625a6fd12f3fb29a29ed1367753e4c608a96f707c3f462b73527bdf1efb597be22626400d30b1298de3c855c8f61b63093cddb45a5073571bdff7609d474d9f62bca9fb742735b866a64c1cfc65caacf98b3ce14a0c551216d2f806100cb2b1c5171c0ef34ceb8ee37e673b0482c246624c208047c2755bafa49670beebe398e68438c6623926e428224432ba4a27408f1a2beabd06235fd2276dee9915461342787701b2d06f01b3267a2c3c16110d37cdb361e83c10e03c963a79ebfeb3c5b7d399706efe8195e829dce52828406431524e50efe382862794a6c62403971f662198c6f3dd22e53c3fe580c9127361404b750b36b01ce417b87a56b617496f72ffc400241101010100030002030101010003000000010011102131204130405161719150b1f0ffda0008010301013f10f81ce3b723f137a7712726186221307dbba1bd706a7d4dd96e5a9cecceec4f0bb233c26a5e067838fab6d9152ee977abc8f8a1b6f251b0b4fc5d97a9d46660d64a65c8b073b9e41812bdbaf0bc889c1dbb8470f7b3e00709f0c1f508c38d85f908559382e44836c6d38bab6d319f6fe0e0d2ce7b65927c72b589fe17dd12c8a70e84e2ce049d229a9385e27a5bc839d5833c65d7c58773100d96121d8a0264316dc02c2ec19ef82709f21b780e46c6790911ea0c125e5d2ef67078e185e38cdb5c20bc9ed9c65924bdeb8350419b1608e2471ed35df59f02eede3c83781659670a5b739703d7906c7c99e475b0bc59cac1b1481cc722ce7790b2cb2cb2cb261724b367067aea5b36cce32ce7d4a6dc8f36f286fe1259bc2de7811e5d86d9cc960113ce59659ce5967c038bf9e02d9e59edb21b60058088b7f5212701bc1a98ccb2db0496599fe6c24875c2f32eadee1b7e378f34a4f03c470eb8e938b51afb16cc16a13e5f7447dd8601dc27bf78232c845e97bbaf0de04a41b7902c58e19b13c84e2a2c9cc810e72782336969e58404b7289d6ce9f25481ba7b8bc62eb6489381557b84ba2f7058720b231bdc31e01b6f60ddac95b1d268c9bcb2db1ac9049cef5c09b6f56f1bc17a87ab0300e32d880fbe03bf9c4c624bf2274e31f6c6ac60849966c6d6391eaf57d59c711e4ccbf95d396d98f81b210efe0699c12836c8bb3859225803abad4accee70c6189fdb29e030a2413485dbddd1308eca1399ec12e0cec9b064cc6f7789f702ec8ebb1745836c21d7f067de14bbe0359981b69e20eb2ccd8d8c209b9db12755d4c8dd6ca7241db37774c5fd9ff53f7b1317b96a6277e27dee5d8e0488e3c7f22fe4675c3185e6f24d111546e7cd8f010c8f7b67c8c4b6dba77336e206f10ea2c26587765930bebba32c5b03dbf85d8485a215f67edb7edb8837a2519eafea09d64d87b200dd9977067fb98f8c07d466218cb2f2fe6baf82878a072c7a9023b31fcfc0270a321dcce873b3eaed7d706fa933b9ed67322d7bba33d8c2917dd90878bdcbc4b380fea702784c63eaef642f6907b66d216821904be997655c6c99a7f6435d7bb4d89b722ef7ef861776f5ee490496591ea085d195daeae723d5d53e7084b39d750eb927b7b769773745847babc37af6128ef1ff00a4479633202ea52a3a4f5bc7577f621d816d9d4bd7e1c31f24b74ee446362f44505c5a7292ed070f1e224ee1dcde2f7483ab76f57f697b44b12e9d4ad925fea15b03a87be0fb11e5b7897a21746eb0bab6bd361dd8f168ecfa910897524909d7569d364cc9c317950c0d1dc8cea0e9220507021baf50ea3878f3125990823ee580e113bb2e45911d8923fa2cc169e994885e901849fb843b8bc71e23ddd26418dd436cb0693169dd8356424987ab01e329fea7ea9ff6611fa240872c1a6d402e82f3605df93eed644fc046c068e1d226587b65a95721d85362487206ccccdbf060bc707a9565ed8d870e8b27272e97a0b26bc3099b5a5dec23cd65ab74361dd1c9c7deddd18ef1e84fab5ea416b19d374f943cb600631bd6d8643166f08c5bbaedc42923a8167f963f97f9408c917175f5753961616101756d9b5beab0af6dbc659042f2301d5abb6fb02db91d627cb6eb878ec09d30a5821c5c7299b2f6dd30fdda7836b08ce11a6374532b17b16162c58b0b249e4e0b0e196596493ebe05b3764242c1dda89dbb9603ed8b162cd8b3f978f32c6c7f291bf0dc40b166cd9b36635d7c44ddb88bd4d71f7759578bafbf3295ff005f821fed7fb5fedf023fdac703f100b226e15a61f16ec9c602c38c82c2024b38c8f89725afab243ab535ba4ea563becccb62dd258d9659659659c09e2dca85636ad3033b636a760c08ff0017fc4421c0eac439d5bc6dbc6d99ae2467d22dc61f81f8d9709c6c2d9cf0969259f1de360add1024d8fe49824f2aedcb6ac5880e37e0fb1965078d9c5ab5785e561bc437cbe87838f3d4f0b03605bc36c59bf0db7959677c4476ced92176665a5925af1409cb0d89e7b1ac78077b99ab6df83cac46f3bc1fb2dbd87787cb43d9de13ec381b784b6241ee0b6f1b32df76782d9d6ddae93aba753a87382c8b9784479cb3ab658622db7e6fc321e1b274be861d861fd89d79392dad8c5b90b91986b04d2d9e99775bc32ec37e1bbb3e0c1e379c132d7e2fc1f8760fb878d2c19206203b9c27f2cf81c6d68c723b6cb7ae513675c6db613b965c5f6350c73901956bf9179cff0065bc12164396bc65b86db79396373ee5de164bf00e36f36ce719d70a7b1c383110e0d08fc4efbb79df86fc37e08b483a7ab2c50425f517b08748327d861e7782187b3adf83e8e075c3b1966f033c3d2d9f56c744b186306c19b8275acfe1dfc3d75a9194fc116910c7d861e43fa645d7e23dc45bc8786f07c11d6e85f4960daccc65513fb428e9031d3d976ab7f30f931286c8d2189e54b3c47765d4b76f6db767d4c71bfabbf20b0647b7f01c2db721871b6f01c295836d56585a2db7ea7f633f3649c8722f09c6f5cd6fa8f82580edb3b2fe33e3bf8363e27cb3e4a18e07b956a4b194c83660e7036ea897f473f01f0de0fc0f27030c37a83ab090b0901b6cc3e39b0977f4f7e2fe99c0c3b13ee3ce19b2e8bde722d19b67f00fe539d9fd17e2a1bdc706c896fc5bf49fce7ff0044fbf818184bb67c157dfd63f3bce7e11bd7137d17b627913db2cb3f473f0e719fac33ef89b58165ee17db3d5973f3bfa87e83d4b80ea0e72f72fbff44fee1f11836708f51f1cfccc70feb1f934e0f5f0659f9d1e1fa99fa24f1b69ee22cfd1eb462fee1f2de0e3a7231f0dfce7017b7e8bf363f09c1c60e5e623e0cbf906822f5fd23e4dbf37e070b1dbaa1f8a49f90ef4bfe2f6fd17e6fe7c7ae23f47a77c56afd7db7f3bc65d4471bf1cfc385896bbfa79c93f9cb19753876c9f631ac1a4020fee2bd27e6e3fef3bf0cb3f572143bc6e7153d727e4c848f10a0fa2749ddae74cff005999bfee7e259f2cf978c5871d7257909ec2fb781fe60fdc7dd7db2fb2e5d9eed87ea4cd833d96b738cfcc3ab3eacc3375a43d3677d81eb25fa1fa2c0deeec02b78337ff00dfdbf9043a630faa763eb61fec2f5921a1b076b88d61e8baba6faf0a6bb752ed3b811c261d39127e3c350f10761b758156ed8ecf319fa0237e2b9e4c6bff00215777d027ff00b803a425ead1ea7ab3aa58bec62f19dbd8c3dd83b2058273b5819c419c58da5f4aefbeacf906c093aa8672d8f92a73ed9bd7e23cbce73b6f0c810c0dde3520e1e48b1dbdd4562eef66d831b4b8eee989b5ab93f6c1e024bd16730add18d39d9d757aaa7d92be4a3920eb058748b082187fb064f7fcade778de738f27add6c4bbd5f71630ab60c8fbbca81f56a41c6d1dc06335c3de1831c3d4f21134e32ce12fb650b6c1807d5fe2fe8bfd01c7d4eb1269e204cfc8719c659f1c746ed9d36468ee50e913a30de30de303d60fee4bee0742e957253d6c4bbd5a9c430ce339d1b382c98da6dfa6f138b66f72ee23ae719f80e4fc415c244d5764751ef6e3853acbe95d5a58b4bfc62ce9db17d7b03eef72ff00c9f46130b1fd9f1d91746db6de36d487646cce3a13e0d0d9f0cf831c87e14584035f79d7ead1a33bf654f6235f76934b27bb199c000627fe4021f5083ee95cf76b4cee2ff4e77818ce492ecbc043c5eae0ea1b022bda51c659672fc765e33e0111fb38db78cb275ec044a7aea5c5e2346f011fa91f52b34217581f4ebfe4781d969fe406ce3bb53958cb48033c7a9eb60b223b7fffc4002311010101000203000301010101010000000100111021203141305161405071b181ffda0008010201013f10782310bd5b2f723f13389dc6017a4383666c97e434b3bbb9131746eedd121b671bc864768dd321bf54b235c044bc333175cd80265d4b6db6d9623102d9b4f17c7265b61caee8c477521936364383b20c25c9ec913a391ed7dac64e71a5d5b621c277c1827929e3252ce32cb21ddf2330ad2d973dd887e4162c8ea34ba3bb3f53b22888e4e36cb7e1613f4f1adb702cbb23ad8131390477c1d21e33897793cb07b8be8877e3ed269769cc222e4830e05a3011c107900f56dbc0f93672d976ce1eee99f7307b8a61476d2d593888bd2f795b03817c653c92c832cd8e23885211c04278e21bd36fb375c92f86db6c333f53888413ea1ac4c44fb8c7d5890c5f4b567df02e84fb9f0566c8d899e32cb2eed78de36d96d6143924ae47218721fb16f1b6db6cf0f6835988b025d82c890f57ef8c64cba39461eaeae0e0eb786f1044a7ddb092ce72cb2ce1f027b8677c2cf1975117770b706d5b5e20786c1748647085d4c0e0845fb2d3c01e3eb0d83224deaf886b963d80db6cb6db63659640b0a15eb673b26eec273313bfff006eb891872ed18eed3ae08b31e416cb76ad5bb76cb70fc07d7153f4ba6cdbd1b6db78bee1b7b69d70e2b0d8988c32eac18209911a8b6d96c0ea796b6da418eef910de03803a75249dca1bde05d5bdc90e482ce065c3abd381ef8464f13e2c1320c9a1cc6a1c0ac8c92d8146d7a8c22e8cdbf7f25bacad899248e047a9f490b63c0eef5bef748cde087850f83ca1ba23d32ca6409563d67b46a386ded7113bb20b2c8770a6cc5e424f81eec8202059044af4bd9b425166d9de5a599d598c8603c0e4459f52c4f48276cf65185f0b5eceaeb74808377770c1ed909964f5289e56f035b132c4191eb643c19017e92bdf23a2f51b32ce0a7908ee6d8466ef48996258cbab6de08e53276ef00b17e985848dee3241db4326380fbb6cdf6baa90c080d481235d59c764c3dc33a8fee55c25f4b745d65dbdc9c6401c9f4846fe47ef25b62c9d8acc81243a85a397eb960017d5c36d86db65bcd96c9976f01dc65ddd329f77c877c7aa5a440b2e4cd791a5364d9752db785d5bcd6dcbd193aa03ddea18397d585d9758582fa132b29eacaf5090018f518da6f793eb2d4fbbdba8c25b61b676f121415e05cedd9755edbd4413d2d21d58cd18ee375b199b3d6fd538ca7564c49ac82f968d6f5d25f78383609db89c849ddd1842b6076c1b136f733d524ed3b806e79b23004f04f2f7e13d2cee067eefd76e2690490d95eeeac9e1f4bde265c8e8f05bc96d61b0c15ea28c638e4a191c89609dc7cbe92a7bf7c05787a2478039bef2660772b0cce3776427bddedc97a7215dc0ccfe884a185ae1b0ec1de3a6574b3b203d92375b39d439659ed337b5b165da5b491d8b266f77bf577ec3e59930c4433d5afa43fa82f70887d4f2d9dc348e44476d5789a42cd2ea5bb30c726d99ea60048c9b2961c8662d1396ed445d8cb74ddb8ac07689f6e985fb14db27a8d1b6d26bb91f38222d847dc33cf507d6025d2e8c4d8fe621d27509947819776a6427b816586d113c1e08bc2891178360d2eac2f44c1b2ff72ff701f657ecff00b27ed19f4ddbedfbf923f64fef8fdb3fb3870b330beb9609d4ef910db0c67ab6f5221ded825f244fb2dfea0ad094d4847cb4f92f6c6f738f514f568f96bf563f20425a43fbe08654c158aecd2334c09c4d7f6e063fb438f70a46165654b813fb261b787c67d8dedc9c671a1d3863bfddf231ba5b7f729e6ede14bfd4bb56f8f78e06a366fe57f28fd106cc8e0cf8e0788e336e5cbe60c7f6e56fc663bf6ed673b665ddb660c6dd92197c9967f0bf85fcafe17f09fd17f095f93fa647e5fbcbf95fce3f5c7e9b0f91faa7f4dfcafd3bf9dfc6dfe5fa53131fba7f749fd92fb7f4b58c69119b116586d961b6d937e90ce7da33ec36c33bf968577ef06ea1b27601b757569757575757575753361c8027f2bf95fc2048fd47e8b6f97c17b6817db7fb7d2dfdb1469075e49044c8ce3dfc7b1267036ceb49305b7f52b1c112b0b7f064f56905f563f6ff00d58c0d95a832b88fdd1b7f283132ce4209e9305962c59c072751366df62ccf04d9eb9db22db06d4e4e338cb23bc045b39bbf722cb208d4c5c218e1cd91324e361930739e6344ba36dbf6b2ec939026edee0e0e7656eee00692bcdde0b1757561b12583667b4190ee49b7833b83790c3f01e1a9c3c7614eedfb2c381c32cb3cacbb448327044bd70642615320ea7ae4b1aba1c1ef93dc9c4a0838033f09c6db740f93d459b97621988880474f396786560e0cea4b3878644cd84dce522cee1c9db1338db63b067e7ddf0b21df53f9ca6dacb409d5996709ce4396e3e4132729c2e591db8f6e46c4fbe1965b6edb680fc19e21659026330ecc23dd91b8810131b4e3d4cce1899debea3190871f4e16d85916c7016782f6c2674701b1c50cfc3eecfc092d020c19cb01319969ea7f8b24ef84fd58061ced96cf19dcf1925936f517b8325843580358c10410c3c8e1e0e363c189b7f02098d877c1578137aedf36781b24e3794e3ec5eb69df1d385b4723c8e1b2386d9f0cfc0f823b4803f036cf5caf19dd97de422eccb264b13ee47a4b6c5d8f1cf048e587fd3bc3a93384e06db2c99c1b61db2e3203d4be41871be4f9241e27f9de0e3e59f50c182011e04b3c65a385dd7e23fc99f95e1e5e933b85bb91eac1b2f01648b50675ce4791ff000d393d4f020b4ed9eb95c9084241e3b31e07fc3c9b2f496ec475867278f71ce416496789c1cbe04ffa7678f5e52d5d6ce5e003a3f00f96ff009cfc6965e9c65f4bd099eef50dbc6cf3b36c336783ff0015bd38f673c25bd332fa82f51e5964c3cef07f94fcecfaf0676f05eb2c3af0671bc367fa8fc7be092c6a757670381b63c58ff9c19d4bde78393c163f011af3b6fe13f0a7e263c469653d39bc84f8678b673a4e4f43f998ff002bc76ecef6e188e3b73be070c73b367d78db797c37cdf33f36c6cbb999e083c1db7c37c361267aff0011f8b7c0fc2f8a69976472de0e0c416f19c3e1ddbc30ed2fdb6739e2789e2f0ff9b6eecbc0e07c73cc6f5263808e73c762781ff0edbf80f5764adb76ad4b2cfc9bf76ee8673b6f86f07e0cfc8b05bc6f8f78b0b768535613ab33ab37ae73f26f86db2f24f19c125ed92ef78e0dd1248487ef86dbc2f1bce78374d8ada010b36fdb63f561243f9c1e0f3bf842784bdb23f125ee47d49f8415c8f8595f2f7b72ef8817a6dd37acdeea48f7b69d97b27924e07f13e8249d47812cbff369eb87cb97f3ea7ab47623eeb03edb668d257f47c871ae20b1d7fbba001779a9b0ebdb7a42c957b82e85dba8c65d45e92746fee382799e049e7ea70268e8d87b80f48cef809d7cfca719cbc643d8ca2ee84fe9d5dc67732ddf7ffe473367ff006d20e5d49ea7747d81858595aec881eecf9dead3b65bda723f9caf7a4ff282f71ffd87c1896f5269ae1e03fc18ce1b3c33841319223ab120ee7335e8414448e44da1b5a1c4910aea07b22e06da7008ee2ef68d9067c91b91094718b62f68b291b5407b611f5c6cd4c8a2de185242e00b38cb2cf33cb395e30441683bbf6193c76925386bb847c2f60ddfb9f027b7701e8b2f5766fab1c37c707f577bec4a1c6d5ae01407a6d03a44d1e9b562fb6faac5eb83dd948602c2ea41cedbe2791cef8f6382fbc607a7a8d4c0c41ee07cb376f45b87eb25d16dd64ddb3f237d65ff00dbdab56ed7eed5de30db36ca5ea48f7c08bb7abd4fae1f13cf61e77c5076c63876dfe773e7da3f9e46fa83d0806b7b8b1fb80f7c09148d2033f5098bb7ad5d7a5abe6c4cc4660187432783e63bb386725bcdb3cf3c923cc035997c262e8f561d25affd5da1dceb72c98f687ec813a8c5f45a0161c593dbdee9c83d43ecf5627e5b75f672d9e96cb2c897ae36f4876db78ee440d7604f05907e3d9e1997caf57be36d86d1b6dee7b47114f7cba18e53ee35b5c013d477db23cdbda364addb2c6deb6d987b9ebc1c42c8e1d67fffc40029100101010002030101000104030101010101001121311041516171812091a1b1c1d1f0e1f13040ffda0008010100013f10cf0cf0082110b1b3631c79c236ff00ff002312e43be010d4752ee8633e32604c6c91c2ec643c659f29205a84eeb6b6ee6dcd8127985d6b79cc999919b73ce1b2858025b1659659658c888b9b6f1824c810f0070e249c5c1ac2f2f8dd1b24b0788f796bc0c8f6ddba97818789cb9bc1d436e1b1171f2e3085f33ad4b220202e3c1e36189ba35cc50583e1847af0dec75fff00cac32c23654315b9e284e5bb205273bbf257a5f35cb05d5e458c792897b25c8950eee1336b43c07b3a5b932897c20cfa1b603e1965928425f2f0416cd7d216c5a285b75075e004788e9cff002c1d9bdc409b6372ddc5ece6bdcd976d60cf01cc6084c36e293617487182129443a911b03c936db6df2154ea5386320a04d60da366e32d3fff003dff00fcb87860b63284aa85299b2593676dcc1dad1b18e5ab9cb11c41deae2f0e7713efc08e1f0c82961bdc41cb49c508add5c9919d6087260ec5b208deef8dae4ed008fd3c12d0ba5bf2a5c7010096f725f0fceefedce580c35df123ea5269e01e05c6436d7c0eacc721c781e631807fa763fd01b6db1e055c49f0cc0145edb81c4268dd73007ffe39ff00f8ae4c907732565c6dae60041243169e01bee3eac871b04f0dd739ff00335819befbb9c539c2c7b123eee5362cf605d98b1af12236de00b7d2dcc0acfe93e74830e78a0824cf52593b424126685c884239bae567a5ceb0ce13a38954b26c192c0eace79b581a423c594e3c1e6e24b9f141e0ce5a784266806423fd1a78c31776db6db7c6dbe363a8c0f0d90d4535969ac21acf3b85f70fee13df806b4b4f2be006d2d2c495d9b1dbb18e36a411bb226b6441729641daf4ecded7b996ad727571f11d6e670eb21ce3a843c4b7d279ef6dfb8848fb2e0e191db5c5c80990e24263c1c1647788ec581aca6fa26fb9168d96ed08fa5ab2b848372e363174da75e6157277709047f50dee4231f03a920c3df17025ccf63b30d92f26c5c481c4b972d008ead2c2c6226f2c775877fd1a5b0db6cb749566232074decac9ab3fbc070b03da23cb23b8ae41215bb2b98869ae28e975de0478e3724338e62463ae65e6c8c92cb3308c6892736c88ee64653f66f67f6d3fb3877d400cf45af52472c9cb93df326ba49e979b447495e08ee94ebc6e96e0713938b24c6429917d8458164613ed6aee3c0ed8bdbe3189602dc26a00713f4812aa1b0df0ecb336682933b93dbb88a5ce1644417597328f2597532ef2142424208b2584a4acfc5661eedc9c32dbe46ddf0f8bfefb804b762df54e1bb2038cbbcdafbbd95eab05ed2c72859114a319397601ed7b45f5ddf37d18c3b9366ccb5f1a0646060328922123c652d6c615a181390de1e748071606409bc3f273878867f09bb3727d128985f9ff00570f71c7f98613c42c39db739b0e3f6022291d664225e42010165c4b925184f2b24332125e6c6dd0b05261182c502606382f589fea44b8b440cc2ccd0c02759666dc4b2f29d25e61c711465298acfa498baa7c4f31770c083c58b6e1e2197fd2787c1b94e30f17b28ea58c72c2b48244adb1b37983022f773786cce0f14bccdbdac9660d606e49e1e23e84e74c5017b7d4c0c570ba0fec32ef8d37b3ea063cbd47d60ffa8b70323a713eca797883713a5ebfcce9c7864d3093204372337a8458c1400f90f4b6f6585ee12cb3c2c3c5fb590491cc2cd89078ae0b8898020918645fbbd9c96f517a04a750867ab798e497dc3a4fe3013e5e61d4f76c4016176a1b1a640f79877715f645f62bf6932cdb5cb8bfd27c0f863b3998cc94f824f5cc9b6994dab7229fdc89b3be2d66922b092cab738110512374d1f49df5eef97f98e39dff0030fc7fc2639edeafd6fad8228d656ba1c7db770d91087f7d5a0ff0ac7637fe64c2ccff006d939e2cead1c5bce7d4726b093079e6cea32e18fab42b89eae33603bb0c7325d6487c82ae21839a401cbd971497797a0b9883ef73e61e0513dc0e27d49bc10fd4e7573730174c9706ce617587847098c26459821c5b71d8a51ee6cee167723ee6fb7ef7ed656876c5b709ef9df19e36d8ec0ffd3da853e2d5a972a5f034c3f0f01bd431ea729db91c7f319adc850c2fb4073ff71194e33fe20be2063fab207ab4dedf50047abd503dbeefd09ee1a4e6c60f1703999178e07db8aff6db4148dedff9b35fc901c59b25cbf23475b2307881ef9b9b1ee3864ab9e9e3fdee5dc96f86c46e198c789dccbe08ea108192f566b8b310e2cb2c7840bab4d44c7135cec860a3f9601c483a85e894e0b7949e0730ba4398f31e0b19c5f03c8b46ca665deca70f73fbbf69d9171c31b71384a3c2c25a4cdb6d90b0b0b080b0816162c58b334183e24367e49f923d49b8e1bd2e09a0779d9b2796f7013dfe7a934fdb02837627d12067ab57a8bb9d09dee03348c238107b80f6c2e1cbeffb1d829ebf679a43e16e3193833d5d7243ecf097f821deae05fb1ab1b73d59b37271e17e4c31dfaf7383dee8dafe11303c4b84ccf0dddb388520f3e011aff976220f21e424bd1cc1425367bf588284058db968750b9367246108737346131e20724b2f325329891b8812e53ca0cdcc897a897bb0782b0b1f3a7cc4c59b162c58b362c588167c4302cc1b36253c0892a008c1df929b6067ff00b2ff00b38bd89842c1c075771ef89fd8fc9b8d966bdffe6ec3508633fb118b9eff0092b3fb0b2bfe3cb339096095cef3cfab7d7fcd8f7183c8b2324731b89d3af716f53b356461838587bf8dc985c9bfb6416608878b98c201637bb49b6c030d5b023c641679301bb32dfc27f442fee6c1589d99b4210c2efe1ef3dcb9f08d55c1751b39b2938f0645a435256de18769f61290aee47e9188644b89b61b662a55ab70e1ff00ac9dc287e6d42b56adf934252704023da338707bff00100074599a403c7f989cba2e7be8bd323c3763d9817fb16fd3acae6bf91bc03dd9af1309d7b6c005fd80be905e8f6c20fbce0fafedc1d82e9fc97d38b9df6e812b34ea17692671ee57b8378fb6bbf571e488e36785c33c0113c974d0371b7d084d4c6a2e40f9006dc9f0df0a64c5737524e6cd7939202e2b16381d9e7e23f02f52185f156dcec827221b03225e3cc60a388fdb2cf0665eae97061b6d99ff00fc1b0c31e36db63c6b6db6cad6d98e27cafc5af4212c91bbcbd591418efbff00c5a62c3de5818739705f44f78f0428fc8145f7ccbc39fc8eb9f9749e3db72f3595871efe2e0dfc88d9dd7afec77ebffe66f47e5cf72fc9d370e63e8fec26612b3800647739f970bd67df08cde2dbc75338ec5d8a1cd811bb160dafa9f5a4bb911e2d2d20f92484b64a49076c6c60dcd8c91cc8772f46511c258cb232f32b867b170802e678194ee401e0b7a1170621c78b956bfe5e19e1f2788f3097ac2fab87a9f9df85f95f95f9497abd3909eafc2cbd417ab3f51f1bf1b2f57e165fe9aa69534d613600f7d7f645d77205e13ed78b06747bb16bff00880275fd979bdb6ab1cfff002803aeee183be64311ecd9c9d22781d80c38797d30744b9bbe60cbc5ff00b4a31f1fb7a4d9c07216dd5ca392b10d910e201887f8b0ce3e5882cfbfb320dde0b07441dd91090c40410c5e17d17d319f77d965eed5ddf5df4dabc0fde5fdf9e2ff005f1bf7b07716b1db4f70ca659212da659146e7c28e491a42270a999026968ac77fbfe87cf58f3768c3618e4e5d5a3d4ef569ea1bd5bfab075258c82391f19f9c1f51bd5db121c83f049f96df56fe47ca43d42f9763259ea5fc9fcda83848672fad5849f4b7edc12d02faa0e93993530b947abbb4286aefd8199c24b89bf62ea01ff56827fcb694d3ed907946b7e1d1130e40f4feaec0ae00e30ead14e1e3fc5beff9cc765a1885d175ff00e26f27fc2e3ebfde17026c238cec05cf587eff00e20ff85a18900e3fd3640a7c40181e59d66c40cea3cad60f6caf72becb7ddafb2becafb7ed0feda3dcafb6bedbfb6fecfed27bcd27811b9ad883322c3d12eae03777638e0d227166727708c4234890796cf1d2ef76bae1a6c26c725226643245941088c4a3226a30e57ed98b0733bb8f8da7a907500f5338481342c3d483d43598ec77ccb813de43864071edb620396ce5ea01c7fc2c7c99fb212a65c8077d4260c5ed93677f6e40d9171cc216f562fea4c0eb5d5cf170fc8f381eee24e63fb0fd80676410b3613a7ab921cea73164c4717a8ac790609b0e7517d4c7a9120be062f11552df36fda33b72adb8131ee76ee443976cb56fc2fa2fdbc1bfb0e56d5824e6d0b96c273d019b3ae5b92112701860b66d6eacc364e75a9f097ff54caef1bae3c5bad1cbb7ab619d438276db1dccd6ca1cd8fb03edf45f44cc7c00049920323dc3fbbea99d468cbe478061168fef24ba0f530590073eed707500185aa0134b80382703237d750065a3c4e249f820b73bd8bf42246ea8e8ecee19c34fcb1cb21937769051c39839c401202501df090e71eecf0819a204572f0155badb76918dd0cc96742c611c790b7af2ec36c1584c3726ba2796e0b49840c15844a58b4eee246b82d9ac812b924ca11ab68f88cd993260b2ddee9baa6451353993b7301c4b7c799004410514e5e1c9e1379c042771dc5a41421d9728b6727a0f5c6ff24eff00f73700ff0016077edc0042671fb1a386ff006072397dc0e1e7e490bc0b6898eac3959f21cf81c4471b8430b2a251a479938e6f7da71620c9012d2e76fa66c571f6e401ea4cdea431b2adab4ad3c2bc74ed5bb58090106a2dcf2b8783cc13e1ff004484360d26b263b9710ece30ed8306f84c166e2d944478842c2845f1090d3febfd8639b8db5d3669758b9d199f4da65ac43ac84585711018a04190d2c9162441970612da9e01997ef23ddb589fd61772f4f90724f51b78977939279e2e4e3fc48ffe39940863238816117e79187d7bf00cf0dce490e20865a72931b8834ce49a33d4b410c4cd789f80d8c88122a260f0d8a5c54f5782278f0ddf09fe805d131d93073e21f391cad1b8e108a1c11c1641c2725a3973b2a3ee9124b10b62c2e19a95d160b61ca21e43de4399c936048e708fc64a1068443c1c1e1f178b5a708e25e9221dcb2704be881d090237a1d4ab0f4771c1c5a9f52f42c6e58c1d4381999198920438f01173e033611ce67ec97ddeac6f13f12364398197c2cd7d256188f6e725b6484258cf7c1b30b2e134420216422c1b1a65dd678d95be3d4be44771d114f28398e3c25c64cc9b65109971e234a12819e1098338c6cb8892b24c2ed646c64170d9318e089168b30b9817984b4ddb6c17abb493f11084190df01c49071118ce289da618ac789cf11264fae5859f6e0ecf5bb681c71047e5b596283f7c20381748588e2c10f1a46707bb1903df8447504bc71e3f939eee202c4604e2053dd94ec6074b5c42cb85d2171391e09402388f0456fecaa3009367e4f95925d4be36d9671e5a0810f669f1908c41b064460f807af176b24881b83933d49ddf18072f865e0842ea79938b93c5e08504b1e7c9ab9440951332c052f557ac820484f7118262cc84b4937c41b01e63cf65cecc5c77698d95bcb0f31eee0c78b9f1c484cd14dfe41b1c639612a3c7a8072b7b813bcf5076e41fb290f1fef3ddcdfc46d77133c64b4c98185b6f713102ec9f572763dc62ec9901ead71e87ff00bfcca439821a5a379716cb76ba833e6142dc42352242a1360dc1b0ff000b92ff004037bf1b2cc1047102b86b933e6298a5ae203983dac3a6daf737db7732f4906b650301f2088247b9f00c88db9696ef82411e6e024012e27c9e9c9d730e5b1b00c61e32d9e4ec215f7020126bf458c061b26c794ba91605142305b310ae564c3ecffd5f8e825c702f524087a5761785ccfb2683c7f7ec0442ff000220d9beb605a4821c3596eb9cdb6e71b9c41f699ce7d61f173094c383fe6d2f42380abfdb71a69fb240a67ec683e42e1f3c58ad2fe58fe59771913440720e06ea1ddb0971d189039387881b92fe3d4d9ac38d9470e09865b1859161f33742cc09b36ff8177f9536786663bf1b612d21ce46c84612af8455eed583b164574dcc459c611831b7c8e44f5a9244b28c103e0388b0e63c2dc32579db5a4ab93cee2ed864196f8220daf4b1f52c704e3820e591cc4b375071d91188bb0033705985da9c31b24a4720c3bf729103ae5b6775070ff6dbdd83c7cb94db1639e589efff0053e531d6471941a746d3613478fac90061f65b091445ed25f527b736d7d2eba67974b8f964d0368ee05c9fed0e8275a7121f5eb8b4d7bbaefbb01cb4b76c0757e83d48e87324e79eff008b88ecb523a6bb618302c1b9213bb278a5a6e026ce5ec4753a0c3b889097a65d192bf1cdca47c64970f013c169656de6c999990b5dc3b0b22d194e1b6cc418d9a756f32cf12e2599c951090cc8d5c89cfaf0eb712ca0cb8c5891184c03bb60caa9cac24d90992e62eadb92db1301cb7491402c1202e53ac3668a61a858e04c81058b691023eee3b8aa868e4fd991ba77e09d63c2e60d887eb2dcd3ff0073c9d26db29687116ff643fb314a93d36bcbbfd629cb3ca3e4009870fec17419ebe5a818f17481dfc9370095704645ec66e3739c7f6c64f6403f79839203819c337f971c1762b95db94274e7846efa1efddcab233c925e5b12315c2ecbae78622711b95d9ba377d68ec1792ab59c7c0b97e256e3673042df6a1c47a65d18416091382ed250e789716cf8d8320044be0304b8b1bc92cea26c690e581832065f28b9e0f5982c194754c38e90648e38c16f5b402ded2e5300399836ebe1ea0c79bac9a4bc8966e475ad365a7dd3d5c756fe5b3a35f7661dce62e2d049d51bc7f2de8388569c66960cbd86d6b21d1cc42306ff00c412703ad922aae47e920063c03f0947473f3ff73370ae539b9134e1f259a71f63c16df9f72c3e898edb0439bc3ddbd9c76fb97f1e9ee4269bfc957e27d75d9923639c365d5cc0e8f79ccd970b6771b490757559c23ede08ced7771f1b452daee08764204c62111e30167306c2d98b221437fce4cd84dc6f22586593b65c67059975862eab8970a0e44d858409e2e1b1f007139752f5b2171aecb4500ec0e48e4ba631f9be72f0fa10acb2770dee632777a3e50323d7858b1747c9551c8c1d7c2092ff0085d97a823cecfec983eca69b8c3032c38366c18a4e8db1ee03ce1bd5cf9a69bf9344d1ebae6e86fe1d6e60b87a6c15a3ff00a81a7dfb2296684e389ae4ff008853ead76edc5829a83fc633573ee5b94b5137633470f6f50981079730e765c381678d34e7f90550f18d59ef8ea38acdfd84e8ca561d470debb6c147992e5098a12765afc813153392e2923673e0108b97153dff003ba6ddab510990f0372973812832091c58eadc58999b254854af849b04a2d9badc0970ba5a3b839bb2858fc04ce362789709f72c3060dbb275b23cd96e98b61f024cb9ef6348d5f6cd2e1287a801b6eac77c8f98e9281ca3dc6c81fc85c2e732335f7383efb6e4e387160908730398db4af7c7b9ef1cf56a0e7a9101d498c3ae27b14c3df0e484e4fc2e1c604f56984f85d356590e0359803ecfc00b06ec3ea24c78881f903d1cefecc6bab933d7ab405f9cb9699ecffcdb66cf921c240c43638399ea6184f309ddbe27b924e249f03c421c477e5dc4011265fef908426b74224dc9ba139d49704a1c5dac8de90992d1f03990d31cf2dcadf158372450c82112ae64f8b8b7331e2dd4cb949bceba36d840b3aa7bf2a2f2465126b3e153798990cda0c9c52e37ece19f07c984ec1d5ead84e5f56484350f57111e03253d1b4e10e7b930880d596d97e2395798855b7007fb2a0773a809131ffddcbf1624e4e8483b443793a1ff00984610e75f7fc9b071e5f56f11c40fb24833fda65e39d9870708921c5eed6de682c74bab63430c2c23d64ab9d884c1e6222c505b77089832d1b893dccf5e0f875f27260e3c38d2e64ab15a8213dc1bb3205098da382c0d22452e1f2d5d8e0581e0cc3702ccd3c22088cf0c878b04f19eb9e29712c3026e96ce2dd966c5b765d41090f1de4d9e2cecf4cb5e7c5abb311cd8f0c065c5a558073200f59337e2720e59b5f73d4ad0e0e1818c9c3a8ee3c08233f7727e3c40f0ae7fcf569838580e761c5e823364f62e630d8053ccdf348721015bc1877101d2d1f80114301d064863b33fb61d8e69fbc5c01719fe2c503a214059ff009920f6658c13a4b0c0c8fe0cddd85f4b8df2b3fc776f320372e313c413d90f768f727b41a0cb9d6f7e0de667af276baf93bdd21acf1085c712bb7c016c8b878723c2631ba160dd8cfba330e308e2c3571e20d90bcdb2c9885f09bcdf745776bee49dae6e585eefaa63cc6a9f1606e116c5df77c772e3c03c7be79fe511d4d849ea7d362bc316537bb93722071599bb2a2c35e640ec9a9e5194e3a31867a901cef6dddfa43c736dd21b07722eba8cb7d84f5f3ec88605bc5cd3fdac0ff24a724f6e583c45b97b7dea7d91f30f43fb06bce6afd6276d904dd2e30b7fce1f529fa0a1e411bf2e973ed8c0d776559991f685c0e5c768f9fc80910e077fd61c5e4e7ffcbfe237584f8836114c93cae6c13abe0c8727b997896e97696129799365eb3faf08132e1e12cb0ddbe1b459896308b570b2785511dd871447758af70d5f99cb03ee3fb9eeee2cd9d3b9fee03dccc6c9bcf63e1711714b94e2b9bc1d62ed76ca7fe14fae45e6270e679807488c220b35f570d7ee10b91d48fb2df099025c3c3d36027db178b7e18e529584b8716a4e88e7b3622c77b6970301cc778b493f0e1103caf5bcdcb0219539f66d85fd8d798f07fedfb32f208ebd7bbf2ecb62f89db66687c7a8617a0ef1cd8b7360a6063b2265fdc67a2079af44aace0f2ebaf5bf0b99da9cae83e12c4e683f8e0b0173e5aeccb12f62742f370f88f7e0dee7abb47574bb5dee9691be20273d4ec96247ceca333ccaaf6b66867eec11ca191f1222e1323c22bccca27b0fab510793df2098832653808472ce39b2af05c93e3c0973bfef9b826e4b970873905b76372a43fce5786d5ec89910c71cd8f3fe8ea10670b0fee6a6b2b15a41b09b6c41f16ec71d8ff372addfafb739e13d339bacfbcc9717e3726978dc3a8cf126abed806180649f7683065c0c9cff004b66facdf67a8d31e23395b31f564d2172e0f33ff7cb37dcf97fbdc7de00133997227248b3f2b849c29c169c5abe0678332cb98ea1c5dbc4ea772638462757496b1e1055eaf0b859bb6ed9e22e30f1e1e920c5f9c4382fc88e2c780a0d4e7585c2f69f12e1605d2b30c59f6b5b9cb9910f883460a96ab484c697b120f492fbb2b2306d0816086c2db967162c32e00dccf6f5689bee2cc85dd2020b19976b14263114311e190af797d9e23b4c8f62ddd834ae872c4cbfa7cb2e4107dd8637a87a6ddefe7fe2d50facca503d8f3cc26bbe23622a3fa7b89a13f18c9d3aafd92a7d41bcff0049e64671743f3fb09c99c9b65058db3785ca6433484858a633b96feafc627393b8cac96bb1d5d2ede275e1da58585af13c64d622598db1c2e48c49c22e7c2ac92d8f81e5914c4fe97fd0b6f8c73413c35b2603b6b20a5b246e693a5d11e0f26496c3a7b63f6cfd423ed9fdb3fb747565b3a78eb11733e5c80d919695c2aea373b6b4b98a4bb9d724d081212175e1f32a5bdc0ee5cb47ecc9de2471e8b8895e46c07d7b58f6780e0ee039d8f5b7b7a2dfd125c74c72712385931dd2c0597e22224035d1ba905ff88bbb671373c5cdba336b92ac3c60ce456841c11dc953abf1be38cdc95e4925da0e21c47987311c40765bb08e3c5d36096446584121907308908fbbbda4d2545bb32684dd2ef27119406e1b4c278339782ec540be08c9d365a30ceefdefa2fdaedac7f2dfe43fc8fc2fe17f383f91e8c8fb47de49dc0c0c8cf8e636c439f0c8e507c8b738e0e33fb2d938e84bd427971e23159c2e51fab9367e1e92d31e77abb6cfecf5c0e116321055ccb904fdaf6dfe27ff002ff6b88eec66f6ff0094f8f891ced985793ec1b833a77a0ff0773572c5ea09dcd8db930b43fb728f934a0d6c40c70ac40d8b10da3c9fa10deafc6fce3e363ea73d4c1c4c08b812e4a5b7a4b7d43f91f0b3f0407a8f84fc6f86f8ed5d403ab7757e564eaf8af9d9a1cb80d92912e6c9abbe4e7ee7c40449b0685ebc1847ebe60a2f1f161f643edfdafe97f6b2b0fb1fb5fd2fed1fadfa2c7edfd257bb7ecb2f50fa8802c036daa44ffdb872b399736c5b6cc44b99fa5c31c1f718e66d11ec33ee1fa5989fe21fb6ec38eb990e8dbd67169e07f8655e5bbee50578df770de780d8319efbb1c197ace8fc8a9773964bc97e64ae846e12bb6ee5c0199d8b6908ee3d7623dc13dc0fb7ed6dee3b36f5c95f91f8c37a23f0857a27d424b7082c32efb20b9e21fcdfe30fe6fe32a33893f2fe53f8c07c94f91f95c7ea5fcbf8cc3d5cdea17c9ade2cb0c8f16da713cbe63c7fbc7c2fc2fc27e1e794f53f28f9c7c6fc2fce71d788f95f047cafcafcafc657d4fc2fce3e73f09f9c7cefcafc23e501ea53d4fc6fc67e76d67c1881f2d42584701d3f96c1ce9dcf9e5f01db61f1bee5b4d8398d708008206567f87e5bf11fb3990048e22b8027f20f11fe2379ff00e2d1c7f89be9a6f3c93a6c7f3881ff0089cd838d7edb7139fb67c135af1e13cbc7827fd0ae51e2bfa457f68fd63f781fb63f63f59fdacbedfd23f6bfadfdefeb67f67f5bfacfef7f58fd6fef7f5bfad9fbbfca4fd5fe51fd5c7ec87dbfacafdb71e255ab51e2262cc05919e4612db6db65b4f005c37171613c7816c058596e3e0cb20102ae49c1a3285ebc0b8f07c1b73e33edc0e2c8eb715b692970688c1c408167835f1ba80c17fc4a0cea703742817524c990823287cc1723e173e61fd47c63e37e17e31f3bf28f847c63e77e51f28f95f847c23e11f2b0f57e57e37e53f39f95f8df95f9df8df8df9df9df9c7c63e37e723d4fcefcefd6fde3eb7ef1f7bf5bf5bf490f77d77eb07dd9bbb8fb9fac7d63ef7ef7ef7eb7eb7eb3f58fac7de3ef7ef1f58fbcafbbe983f77d30bee3ef1f5b7f77e93f5bf6901b1b07439fe430207ae33c0b98925cb941a693c58ac3ee28163f53f503351047603d31f763c0f8017101c9dc671d2cf920ac6c5983f6c7db1f6c7d81f67f5101620b3148106cc183623c67fa101866f1f1c48b107c730263fa8f0be1266c5fadfb47dafd2fd2fd63ef6bee7eb3f58fa5fb41fbbf4b4f77ecc87bbf691eefdafda7ed3f463ed1f6b2f77e8c7d2fdefd27ed7e97e91f48fb597b8fb5fadfadfbce66c4dfa723958e3cb2d38bd7805d1277d64dc30821e46d47809303ff00097ec7d878880f16d2f5dce685f91daa0f5b3475214ede6143205cae50c6ce173195c5b1f6c7dbf6bf68fa47d2fd6fd6fd6fd63ef7ef7d57eb1f58fadfa41fb881e031f7f0b7f77eb670fb5c136f77ef7ed1f6b68bf71f6bf690f71f79fadfac7d6fde7ef7eb1225fbc7881e57c67926edfc9a3e17cd247563dc844f0c20bb416167fa01f0971333c08f80a306733dcaf2a596145c1850604b936de25362f518fdc23ffa875e5f76d966cbd6eef7a98a57143edc4e2320a91332f49361c38167c9d40bcd99a5d68d1b71f003c4890258ce13bdb8125237ed7ef3f7bf78fa5fa5fa5fa5fadfadfb5fb47de3ef7ed7ef7eb7eb1f58fadfa47d27e8c7d9bf5bf7bf7bf5bf78fa5facfd60fb60fddfadfac9f77d57ef7ef7eb7ecc7dafd243ddfb33f685f51f191ea4fa87f509ea47a99ea3e53fd4bf51f2be8493abe2867573d2c1e7c470f1e09f3106d87c8b6c36f9106daba016038e4fb13dacf7c966ee544fab0e4fb86726c21c42427db0e2d24e7e17a3c972c4bdbb81b9af63c4af28becb29970df7305c3fd18217193c0e5a126ce71b6a6ef62c8c67bd3f0cae4098904091659e1858f0058b0b106c585878c3f48f847cefce47d58fa9f8407ab5f27f139f0ccf01016124102223242c2c23f643ec89d90bd43f505e883e88f5890f458fa23e681f2eba79c5cf6b6a41828e1cf1f0137c06d86d6d858d9364706da3b07f5b8faab6671dfdb8a30ebe5ca8efa2557893ae19ff009d8cc8c78e59a44e50617d40fbb3e6376c996f85be9830581e1ccc223e89230b8c14f2e7ceae2e6048b75bbb9b5e706d65b3e0acd0647a62b2cc92483fd3bfe81b6d8f066c733364e64bd43725a7a94f52dea4fab7f52dd13f25f040f517d48fab1f563eacbd5f1d8bd5f85a2461e193f91081ee47dde837eb2feccf72fdcbfb96f729ee4fbb4f73b296c630ba9361e026cbcdb0c32f00c2613d4b7a3f2c7f6e1e269751fece249bcac79fe693295fb2fc976354e6d52f4372308a362c1c636a7f6dc11d81202711a809fb0360712e27abb8773cdc042e535b0599ddd4b538f03bcd98c36a53e11b962f4388ca7905927963cef9db658759990ecc799576e978aa4e1cdbadb463bf29efd927a25fab5f44afa25bd17a295d12deaf917cd7a05eba27a95ee5bdcaf76beefd215b9b9f725c5a4a589122678302cdb61f20591ea2ba02d9b78cf7dd63686492dd2d5c793d5cf03798de221f7991e5be4e02dfecdfb07ff17e2c134b239d3210c24cde922c0b4c9f249c5c6302c6c2c5cbd59cdd32cb2c82c08f6e7286c0cf0b979995cb91833d0ce62dba78fd238e4f1289f0be0658f0db6d98b1d8035ba44cf168ac5519cb33c2dbc4cf2dd024b7bdcd9b6acd95f724c365ecc63dc4195090c72170664df4b47971e066c58f07cb6b5ba9e05b6c6c98c1669ac509e788e4bcd8f3d1ea6d26ad7692ee1fb909b6871b7227e865d97fc4475cdf1730fde2d01fa7f9b4197b9bad38f76b19c648f3ab21ae7ab647d44da7166f31fb3c2d3ee1d53c9ccae6d9a4311748f30365924606466c852663a3a7e9f267c4a77750cbe16d86db61b7c6cbe0f3b1931bb733e20359d611496b1185a76cf4437944616aec7a905e5bbcb670c88c4bfb2b6272c23b9b8581e1b0c827c4f92f81af9eead6459a6ec4b470e21e73de4715ff002f77e4640f6128f6493fd4a8fec23865b8593e4ecf96f36cd19c653c6bf96e772dee3cb6059d18d1e01d3745ca953d6ffc5fcd46436d3ddb7573f32e1c4d99c4e05ff101c5ea10d18dff00a16c07e1bb7853ddc49e16e50647583b65f8b2602f55c7a7ff00d899da1289e2d96df1b1e1b65961d6e0d6795ab60b981cb4716a364b188c172ce704b5cd85ec785b98309eee24e99219d8bbb28337936524ebc5affa75adcc8c3b4eec6c442ef8b2a5df6b4b3ffa592bdffdc887d9e66ef32e5f6407bb63c39bc4a757bc96e3a8fc9ea579b56c7ab2ccd9b7bea4427643b3d4bfe4890e76e4c9bc3d4789c716409d89fed708db1e5631c5c8807bba5354ec9564d76e88c19b6e745d0dfe10075749e1e2f7164c4808126caebc0974c6ce863306aafec2e33fedf05b778e7f931d4896790b27c33e2226362eecb08f10044d61cdde63cd9c5c98616acb90ac6f29eab6e324bb104596f3ac4f3c4d78ead5b994431e639c07560e22188730462c808984096e50fd165427ceadfd96c8f5d97773772dea57f3c173d32038857af71cbcdcf5d5cb788f2db2336ae793fe25eae0d2dce62c9ee3e19992bdcc200917b6043bc460cf59ccd61cfb31485b606f364b5b79922d3c0864db242e048f70d9fde2e0c01a5d8fa9c13f1f52fc2e5b00f7f606f47d5a304663893c99965057880b524266e6b8708e1040e1616c1d45dc8cc896f8f8991ab64f2dd81eedc74ee551d65cbb3e03563933c9558c8ba601b4c8b3231903067851257c46f05dc3f77c35bf1b7f24bf919ea3a9f0fdf0d6ef88c5836d900cf53ec705fd979c7cb736ce9d4eafd1bf493dda70c4896d8767d9526725b119d789b95d3d418179f50beeda6364e4888a71c5f4407a9433b84e52733c784cb679939f0fe5fa99d273b9724dcb85fdcfe3ff0070174667171dc9ec64a8edb7863c8630cbc4cca5e6d5872e6dc212772bbe0c3b33c5c73ca226f3ada33086b9625b9dbb64239e25d7c0b27398f12ce6061401d4245059b748da55d9729952d84bd3fcb0bc9ddd84b97edfcb79cea4f93c0fbb758ea5de6feceb2c59fd886f1049c712fbee07abf0b32edbee75767659b134ba8d3fe7dcf8f97d2620e901c999eedd139208e6659636ee171e7d8131e53b3b917b5f0242839751733920b1f60f738d996d93c4c28dc324843887b9db92d31bdf7388e9fb73bcc287309e1435ee439872db659790112c8b0b0947327ab5ca7bcb5085596196b6784f99c453383c3c9bacb8f25c9b225c64c1162e2c38910cae59b7664cb52ad7c6db38886acf47db01d841ff00e2072bbeb88fbd459e48ee13324c71b70b2ce764f5d6df970e3c17eccbcc81a86e333c5e8bb3c729f1c9be9f9fe60e449d46274434e398428e3ad912fa87c97721cc20d9cb080b11168309cf0fb869667debb87bbc3d7f237df776f07297e5b332471e05ce290f923313100311f72c153abe2fa90a981e681f1d5875cfa9d07c2cc58e5932659b5b9ecdd1e623085ed0b7e6d912ccdb2f7182750f3715c76f3868b8cd1960ea3b926d6f3252ecbb2f8d8db36c9e2c782d0b765c4955d2d29b2f36bb2e4f374c7ff36af81cee52e1eef7c7b8eb6efbee78736c6cc620c893d37190e3b87384a9d873174f0d6cf4ce7980906b21d0319971183bb72e6efb01ee3ebd5c3bb0a13b81f0429ca30dde4bd68321dff4e78cb1b0de2710fbe1c61e49a71bf6c6974632b07d3c671f2e4eae2461e1b84a598f30221f10e6dda8e1653432d2c6d9265605da321c61e418c5c3692d6dbc02d62752e36976e5e36df191080170b41bd8db1b019ccddf72763d4f37dbbe2fd81bc4ee623ae64fb0e6e61e398ee7c6c0830cf96f396f13f7244ff19ccd979dfb6e3dc948fc803c9eed1d594c943e3df65a7888177bfe6cb78803e41a2f5eacd2d9f6eaa9e8234f05e1fd8727360711820f2ddbcb9810cea77a66708d2026a983d108eec41f5ff89708c72e97081178d932f4f2782f8e091c22e32c2dac9b24195b844658b69d6d22c84b19e19acd664f3c1efc4b22e7c2127574f391a239590716e40428f377b761e79b43b77cfed93f18ff00c32dbfe321f52fc8f2b1ba7c9c8e0865ddf1f6e8b3097091dcb166be1eae5dc3a71105e6ea38f21792de9bf7e91873d4efa60351911ba737cca26ddf5383203ab070e4b62f05abcef77be67c31f7fa5c258ec84e918ffa358cf093640864c0e67af4e87ddccb83827f3d4a738396721f39c801fc8fa9e360bec6df4f3bce3c6ae78b251939b86e493881d9d09799e164dea9561f021620594bbca4733825c4f7e32395c235706e90b833c20d848e0b589b379587e1dda31fec4ba4fcbbe2e10ab0f1b289b6dbfde41bdf8277c16599d5bba481932c338ff6b7d4cfcbb4b7b9f0e20203e13d9774cf61fb0ae2cc4f538ecbd7dc43643ee47f621d7fe2e643b935976e3c7568dc5d3ec71b87bf790ec3bb1a9162c6c3f21bb98c4cbabb33fe20ed67289bd0f47a979ee1d8739b905e2721cc8c3bb7b750f5127da10363bb39728dbe376942de39599a2f967c06416d065bcdbc783925a4b09732c360c8eefc1c969388421e2c8f9ece4c577f041ddb31fc5b9a7a61e6d312e7ddb7cb7230f7cf0ddf10634e5ea3abaeafd8447ecafab73b983892bb0e5b88b998104e2e672533999e432d5c2478367071ed3bb00feb9b3cebb65d5cb9930bea1cee65e2ff0092fdf1b7a8cf71fb0147d9ea47b55d13a8c6fa633cf8747fa583966e68fd0fb6e895e0f47f279f3d417a8c83dc065d6bb1f08de4bb736c5fc4ef1f8dcb7d70ddac8f16486d99cae10f32f3c0de082324d8c8c21c4cb1b12e2b467bb46c276b682ce58dd2c9b822f24ebc62c3cceba96f16b71ff13938b779257ffd81bf3c14ecf5739dd95d1cc3881a31a731c71284b1a786c8e6de78876b8b4ea58779679b39e6397c33ddbc7328e24ff2948444cd2fa765baadb73b2f57175cce7fa3f6fdb70cb9eddf64288da0e73d65b7f16c73eecce6da12dcb6ce049189c3e84a457295ea0631d41ea3a25b43b9943d5d6753cee5b17916c3bbd263370d8c916cb5919e358e46e5b625ab705da5c4b582e9273e0d84de1efc4b91e588138871186e45c19d96db20798f8f965e4c3273b2e31963b3aff9b91fd96797487ddb773e3439b7996dd2e64deb99c21e2dceb9ba32eaf71f0f79757e93a373dc757a937924fb6fe5fd59ff008b9b50c843bdcadeb8f1d45c5cdc3e13cbc43db8de4f4d8c0f6b79b165922e921c6da1a40773f18675ee5cc7c71c2ffe645d4afec9e51a2cc32edc2eade7e587368bcdc513ab051ff13769c40f6e4ae3a362cd81e2cdba493286c0b19b736e04699427b858ee325ab3e245c3087176ba783758732e78c73c0e19e5f2ed85aa2176fa879c9727bdfb20f167ab4786ed8ddf21a4adb8786c3f2dd2fbb838e6edf09f636ccba7318dd8f77ddc78fd6fd95dd95d877f97a8fc91499f08e0f6256fa95dd977c5cf565c679de73c65efc7edfd9c833e078657c8fcf685468fc6d82fab51102589c3f89fa35ce4fc5c9e481ddfa78d6e493b9b0179b8264bdd943812d56cb17727911ae79f48f43138f069960d98e1f0631db74b0b08f2b8102c10bdc60f02e63abadde5736387874789ad0835dba867f20ac726e6dc9cdc0642e64eecf585afbb9184391e76c0c6dd21d90cd9cea3bb85b61c497df8ebc04b71634cfef83c1fcf073cc993a71e394675e06e96d9ee78587fcd834fb1a5bde0b9332d6483f6c78ff475cdcf9df1fb6a5aee2f8f570b390e71b8e6b56aeec2cfea1f61336156cd39bd6f8586db91c9be356703b99c87fbc870cd7093ee1f8c88ea798e1cb8780499cc1cc0843cdc17de2c876e5e21c41cf861c6e18b2d3c0f844cf129364cf2efab44eb644bd3135dbbcb39fb0f3bb0ff00f139b6b6f192e73c3900ea1e0bd8ca7af73e0e60636932d6773cff00108f2b86478724f5073632eddb65bf7c2711c5f9e3ae37c17acf19f6cff6f2e40789d712f6477263a4f7cdfbe123c71e35b10c242c00d87d5d9b1fef7c4f792e5f169441971bc5c16c9dea272be02043cb2d5b07c1cfdb937d3d4dfe421f58b8464f00d61e4b499f0317138267b81648f1ad9ee3a219e40b76e63382f457149628d713620c6e2474ff00cda3b63a9d7ffb0cb6deaf5630fc81fefe1e397b85c9efb9653c992ecfb733ec4347a7bb4de382e3c32bc77e0ea17f2ea7fbc79f52fdb7fd1d5be46fdbb37c26cf837824f9fcf0f7e3f20e1e2d586105c2e5b1788c48bb5ca39efab838c8c3b9e5e2ef8b7788d0db6e5800943766e8e7a94b9665bf396703b08010d86437349c864d6e1d8f317bb12dd94d9af8f82e2cdeee7872692f91ee233a253a27185d56c3948aef65b2b1a5a2dd9ccbc5c16f1cf85e638675eb89fde61b77461ff37ef83c3c1bd99e5c16bd5eae679b969be0ea3d5f4cf36beed85f0ef647cb78d9fbf2d7dc3f3c6be37fd1cb1fb31fbd49bc7faf6396072e9b65c9c95e5809c3cda36b906f0c70e41ea4e79ea0cf0c85dceabdc81cc7db077ecdd246e786f48e3e67be376a385a3e035b38b15b413dc3616cdd2eb77967566f21b692b089c94ee171b9ac9c25879d2e5cc221fb7e173eedcbfe2531cf72583b07aea7936715932e0a4f016799ee29c336cdae7fe63bbaae27bf0e4fcbbe364e38b9f443659adcafe5be339bdc65d757bcf0bf24a636fbf01e339b0bdc1eef7e4e0e2e2e1752cd41d8f10bc48f702dd0bdc859c6c75cc63bbedbf08fd8481cfa8ce0b93f972f10e7f6d9cea7a2dc3c752c3ebd4ea1d8327b8ea1e7c069b34956e095b7484319f13e245857825e496e4b3303b2e1e361422c7cb66c395ea444d579b71d94d9e4e64cfdb761e76db8bae2d3d5dbc3f16f6cfc4615e274f1ea13676f47e5a1c7b9ddb993d5bebc0d3049989e16cbc6ac70edcb75cdafbb65e23adbdce5d710eda36db681696dee57a2c7b977e03df86bab53cbf24f520efd8382c0d7f93cb7f66019eaecdfcf0e70dafab4e9b78e2533a788f987b85c4e4b17a87aeeef8b3491ce39b1a209032711c92e6ca6eb6f10d8e477161823b38b4782fc6f9235eaf86f60b9392cdac96452cda424b8b6d865224c6475e8e0b78d93d2fa49cf53c9c5d30bd4751c9b713bb6b0da47207116d7649ce7b86570e6fc6fcf9ee4d38b60257af9e3ae6e4f1c5bdd67c730f527bbf91c66cf1210436f5cdea7fde76e8e3dda46beeead36dcd8eae6531ba73e0360ff0078358d36247bb18b221b72ddf02b71b7b80f3f25f4dfbbebd12def86041c7ec698836cc97991724ea40ae7cb471f60ac1d41efe771f0cb3b103b6e6e9879e026723e20c8d72efc62583f1b093eaf9ca1e664d93b6cca196ffa0d19341ee6732e1b2125a438b2e563edd3776f126def3fe65f5d4233f0472c61de75fb1d21cd7fc42e64bcee5ca7f27b96168ec1c6ddfaee11c73d126e7cb89e78b9f1b6bd5b9c3d5bbdc9d5c5bcce17ae2ddeae338830e6e9d63bd9fb73fe2cb4955c612c33960d839b478e2c381c49f3c007887ab8306da65fc9e5bb1589cdcb9b07161b21fc6c3f5b339b34d810b43fbe1f4ce9b8bb7f6211beec7956d3992192bbbe3346cc861b2215b3be0790a5952e1caf02970783fb2da4e085b1006d88836cbb285ae713c713d401c17ac86cf1fbe76c936cc29d776f117442073399c3c9637587852717bee783a967c7c82016f10efe2d8d93acb9d5bb39fef7bb78e6ef99fd8ef9b4f760190dadebc6c73cdb65d1683b35df4b0ec8035bdb8b9de6e58e0936ee37dc1eec6b2d22fecfe5ac6eec99bde5bd9df843b17fc5f9712038f72f3ccebab3ebc6cc73a8e05a7a972795aacb8b9723c03c605dae078d430cc9e1b72c6d6731e6d6e2502eedb634918255667e5dcb9c327f88e3d4e927930e21db78d60f658fbbb81278b1c25c627138ff00f2e078279e27fea416f3c587375b0f16794b34c264bbc9776fb9dfbddea4c7fb63ee0e5e3fcdcfb97d5f9968716a9b18b3be038b4965c6c3558dceae3788e7b2d7aba32efbbb7219efbb3dda39915dd8f1ebc6b54e08202e183ee00834b3d488fd4b3df374e399f3cf81cdd21e6197bf976e447cf02b167374f0bcd11333e32f28a7bb260dfdb16c4cd8e9b3727ddff7399c716f31cf7e307bb1db3ccc786fec9efcb631c1cff6e1eecdd3a8740b7215e5e98cf92cf79768479bd7305d478e2e83193491c711ccef45eecceee09439973f920bfdbd48aefab8861ff78f0bc4bef6754181919ee3fd887a990bd42ef104fb9fe4b943fd04c276d8eff60cfed9f6137961ce26a7ae21760e2d776e6753afec479421f2fe753e18e3297f2d2c3dc3ee6312d978f1d3e33044a5965e2f55b4a5824e2cc9449f8b98b85b69cc855abff17a87ecec007efc9dde382ea136497e7129dce5d7e9138ee3c636c1bf2e58bae278baf85dad9cc7efbb0236f5757232cbb9b9ccfe5f57246cebc92bb709966985cfbbdfd87194b7ff00983dc73dc39fc9e4e3fc4f07f2de60d34e6c17339867703bb91719c5b8cfe47ec6cb7ddcd8eb9f1eae3dcb8f895ba777e672b9cc6efb9eedde607d5b27d4b9e6cb3dadf50abbeacdb12585b5974cf1d4434dde724c073fb1cc3272c438f9c112b7c3c27d9aeac8f0d910a3a1ff0034ff008fcf09f243ead7dca752e71c483a9e5c58b927039eaeb961b177c5b7f7c3cb748f3fc9fb13167f3893f2fd964725eb217fcdab7a6d0db7e22d06ff00a9e0db70daee5bf5eaf5918e4656633c4b19d139b77ccb6ec03881cc8df57eb9b1dfcb439f72e9a5c7b96f0c0c19cc8fab4716378ff4a3e20c70b1266dda3a6cb964cb85a2cbc47739cd86e4df567b9debd5d58188c3194d398f4b9ceece93d42653e375c3c6f8049859716d2f8d9840db842dcb1e20cf69fed2e597b2ddf8b7ed9d193ce2e5b7eb604f0de2e96673089c467b9b21e6d9fdbde7b9b87cb8eed33b1e34ee300f5f963eaf5cdb9cf7189bf61b3eb0f1a75f938c3d5a2e3701969bf6cc39bf67b2d779bdceedde971db7f8bae257a2e903a78784bdfd27c59667706f247c5d4752f509f059f7c6c8b88e01ee3408c8eda38e21ae730637ad93b27d36e3e21c1865c0eaea5dd9e6d27edd9f12263ddcc7a948f67bf02ef13e33e3e1efc36d9922f83ddb85b68d9eeeb306e13777865de66b7b83b9ff00fab7dfd95f028765b6f11aee06e9efc43c4fd81fed0fcb7edb71e39bf361ccb3fcc39cdcb7d7d30ce19dff00681e31b778bb36e0733810d78f50b8c8fd9e7b8ccd1f1d712f3e1df7cc71cadf909eeddea0e3e7c838e65deafe139d40dfe4f72d82cb31671b711c3e3fb2ab85a0677b73e67bff004fbbf2d794011072dafd21013f2db7ebddc6ff00eee5d4fcb8b1713d712f339d4afbbf4eece84b09f1755e6dd7252df3f5dd27bb65f0e88b3ee5df97604a91206f53b630e27bb8e8e5ba95fe4f5ba7f6cf574bb2773b8ec4752306ef338696247ddb704f5e3df16fd473e6c2f10f1f6d8e92370e23eb88fdb33ffdbdf10e9c5dbbfcb7e5cc77ccc78d9239f23fbb73efab9dfcb95d97ddd94ff9b3d45e79b81cf9699c1cca19798ebf63ab87b9ef2fe433fb2fd97e401902373edba67ab9df0264bb2d279e248839939f19e1333e5870cfa18035eefe752cef64878b46db87abe16cb2738bbffc59bdf57136c8b7673d4b1872cb8cb5d2ddfdbb43c78faae93dcd916c09c5122ea0f822c51686131c939eef721e0eac3ddfd97e4c9ab8c697723eefd100ebd4065d7539d42b99fa7332d470c90cd925e71b9ce239e760ff007bae64c38799e5efc1f53a6dcbd46865ac2e3dddf50fdee3677d58a5108f27176419708dc665be895ea5cddf57246bc5c1e7dce7bb3ff8bde1265cff00639e63e93c393c9cc339bd71d97f6c4237b93bc9978e789cde2ebfea6357c3dcdea7e46ad7e78867477e39cb4f50f59d4bb01cda1c91eaff0016e3e384598cf2b47f67f6586b7357a9e3b8827bf03d3e27c4f73d4378909480c86e3dc07241f241a8b4f12ef17713c7815c58ddd9ebabdc9eeeddb5ce2cde6ebc278607f570e2dc7567a9d16a7173bcfab4ddf01dec31f0bd163ddcc0ee091c38b44e643b2ebd776a1c5f9181b0d7887385cdbe9b65d61e39b38f0fae6fc8e1e78b43325e388d2d3b835b3d47c938c8c5fd8f928f17d6c756fcb7c34ce7dc17ab90e59bb59c5df0b267725c757b87f6e4d87d5daef25ce2d367ad8605cbd4beefb3f2707f971071b3c1c5c7b965c29dedc83f24eecf09b1c761971b91ba4f7e0c44446e06436cbc30f719c91aa16aa251d2558cb8736174b78cf1fb705cf8ebc7fe2c9b799fc938b5382e6bf7ddac8624c75df8c1cc00e6faf0b8e21767207b85f726f25cfbff009b8dbfea4f50a7f99776306de31b0de2703243bbf25e2f6b11dbb2fedbc0c31e1ba78b80c65e382fedd9ddb8df5f707ec72c73c91f92f1fc947a67f2e9cca7de2720f707397369df7e1b5af990248afac7fba7a704e3cb375df8e53f21e21fb7bfd9e8b8b7e3207be2c33ddfb4b54b3912ea0ddb8c9064ebbd27bb6cfb0fc844430d83dc47242a84ba89fccb8f4edb69d10be7989fe78ff36bb7a9b78bd7c948a771af73cf57cc3ec3b771c3ccbbe11d463ca7fb681270b709de23bfe5b0fd844c8e609fc8dea56d7ae7edc3c757e6f169d961fcb1de5e6ef2ce360b719f7fd9cce6f76e99021f930b19eed7763eb757e927b93bfcbd93dda4a362d80646ef13d725c3099bc4e6f17a4f7311e64ff993d751eece2ce3480ce7d43ec971b30f3285ba65bfe258cf10830f72d3650bb8863a9356dc784e1ba6e93dc72dc837133c831e05b6cb03b423a48285ff003273be03996df2ecb7edb1971337f497095aec7249e8ee4cc6c1f1f9e18eec06dfcbafff006e168dbf6f7c5fcb8cc5b9c84b8f64f57c7773ee0c2ce7590399e789ead26dabd5c38f57197f9b4cd65e38b61db6df7671b683dd8ff60ce23326fa2d7664e6fef8c86877b6e1bbcc8672ccc30b7720f172684a0d8e5c5d308d3bb736d72fa97e59fe279ee7167b08e38fcb8ccbfe6d376c67f2593d04b1c9e7990cbefcab889712f30d998478f13c0f01f2b6ca2332499e0adbde96bd96ef2df2ebd5df775183995f50beef5e39dfecb78deaf7b3dffc24d93b244e1f5e497c8b5b4dcb5e6e0db4fb1c7f8b37b2fdcb4f7383b72f53a7569d361ea33736e94bf0eb6d0fe5ba590711905eec8539ba43bd5ef6ef8ba6bdc7d3c3f4976e7a9c9e7c1f0f773eb86ce765ff00e67d9933f9360efc971fdb2ccee07ab87f234c954d2c544b3397ab3fe2feb71dcb39c619719afbb57fb7bdb4ddb3bb38b5c64933fe23816e390b25891f04f8f0768821c78111e5b6dbe1782beeea6f5b6dbfb31ff57f6f5cc63ccf8cde6f5d472737276c1f76bd38fb269b2bd33bd43787185ea53eb62785c65ceedcc04e2ce0b9cb3f2d373e47ae27938839f9b68bff00b6e0f1632e71726ecafbf53c7f8b9e13c7ff007abbf01f2f84737243f238388e7fb7ad60b0832fcc9e39274765726c838c803bb9c9d6ff009b07abf1f1a5c969fcb6de2d9d9283bb922d95eee770b9a53cd9c65eb200eec10178b813b0175b3f6786c181d08a3d1e2eb74b798708f08780f045be76594d9ebed906dcfb9e3bee70761e39ebc70c3e4176f1723e37ddbc593b91f8b789199993fbeaff0079e4de9901e5657eff00205c43d5ebfc4f1f8c68ff006270e7fcdd9f23e4b9085a0c62dbce92776677cca707df77275cc9a7cf0e4f71ddb87e49a43f6de64fcbbf571b85cc3c6c275f21e59d5c2dfbeae46cbcbb22dd9e1886bbd4171c493ae2e857a8c09e7c066b70cdf1ad96c9a648de249cf7ccb8d3f96a75cd8ce39b17abf97e48d80ea0e5fd9389fcb1b9edb51fc9e97272cb97a67add27c5bac34430251e07969692db6ca590fe79498e4b438c33633bf21cb99df96a70dcdf5ccb8bf6d332e4e7fc5c61bddc7ae65fb18bf68ea4f3ccb3a8f0eddb4b744ff68fb1cf53a1c5b92e7372f50eeefab5591bd5f197dc071b77ee7b7f2c72f7c17d0f56717448f6fbb3a7fdecff00372fe12befd5ba5cfbf53e96d0ea3839812ef0c0434ba9b38bafec7e49f726b2e4bf993bcb7f66f089cf769ea025f9d4174d9ccf7072fc6f7963bb3c776ef16739048e462c99c781e30e67936e577812eea57065c4f896cd52c03fd0089f2cb2cbe047f97f6fec8b4ee5518ea7d9705a773c398037194df76f3c5c6624a744e4cdc9334e644635dca664e6cb1c34d7afedb88453ae1ff7224784e22382e5b3ecee6906753725c7bb1f4f33a7772c9eb3d59ec8cf5673ddabf9e11f5cd987e5987ff73723b67058fab78bfdeeb889c5ebf62e3df31ccffdda7291dedbca5cb6df22f767db78e25e7bbdefcb719e2df710ab4929cda5c75183761d6c673296e9a7573bccf791ff00374e9ddeb98585de6fef76fb841ac18716bcc2871c4aec27d3ed9cfa6d84b4b4bc4470f03c86df1b2cb2cb3b8247d5893cac2b75fcbaf1cce8dea336b69336d77b85f7a930d16ebb90731b64a387dd8f4428e5d3f27f3df8c5fa347f2ff64b2e21cc7c7f988eacce60c39bbf5c42b62bbfef3cb9d43db6384f7974f363bb7d38bf651dc8fae639dd8deb89163ddd3a757abb73633736de72de78b7cfdd9b5fff002edc4bf7aff4175fe60cc373351b983f278ff3e1fc884f04b907a873b93d04384398e168b596d13fb67aff00782f721bf239ff00106fec71f9067bb8f763a8e1fe5a4e60f970ff000ee7b91bc80fdc9d2fd5bb0edc442e31e079596db659e4104fb13cb993d4e79f73be3edbee5dee12c08c6efab7de5cfa8f4580e596657f655e5658f7d4f7ada3c4a7ff00b1d4b3f2ff00e7dcc76b1174b4ff0031c5d38bae6fdb8dd7d477c5a7ce2f67db9d53e49a1c486f71df1c975d4e19f6cd176fdcb35d6e6cbb6eb8b4d94f57ad63303647343981e799ea3eda129ccf3d598f1cddf371c36677e0e7ab2fd2eee478935fcb3dc21dc8f4dbe0ee18bef2e421b85eaedb92ce24e7993edd5b7ecf24ac5c9fe60d6e12ef2c9cfe5c12ce3b97e4ddff00cf81267b87a7ddc87a78ff0033d9b5183cc430db6cb2cc7fd155c4e3567063fef289ee0f3fef29e7e59f6b63d73b64b17fd27be27d24f4f12ef5fe214ff6b07981d127185d397274215efc1de5ec63960e6c0e7b3fdfc6279bea3783adb538b38b720339973f32fabe8b8baee3737f6ef5d41e72dcb99e2c8f848fa2fb9dc5c8b799e4e63e3e334d8bf97773fe7c3cc3376c5cfd8324c80c9bbcfc97c39ddfbe39f7a21042ded60fe5b8eacbf2eb2cd93347a9e398e792367e5abd58ee10107a97f6e8e65e78bd5a0fed886daccb91844e6e19db90b69a0870798f01e37fd023fe8067d7fc4ece21b87a9577c7d8cea467004b9ddbf25f7e0b6cfbdb49f96dca64f1d7a86f6bb318e391f9e33e4eef7dff00bca07d5c9e08e63bdb90e21f03a710b26bb013ab1c4adcae0ec23d599cc65ca5c6c83fdb242ff7893399e0eae7a97d91cf1f6eb97ddcb756e70c71e38f53c6dd77eedf57bc27bdfb3bcfec98f5e3b97cf63ec95e7c1d1203cdc1fc2e3d7b9e48dff6b0590f566727f24dd7ab97a8f970e8e3271e67bc871c783720f9dc757ad86f174bf3086fed8bf97619704fc4b3caca4ca624b0f03ae1b6827ffd839c7127ab7e58376ef2bfb9247de97b7edabff9bf5dc8e44d871d7507a9fc872dce6ddcb7b7f9bfb2b3d3963383d59bdc714718d873b7ec7dbb212357722e1ebd5db76d739275b3e59ce46ee5bc64aeec39cfdb78d6ff0098eb89e78b972e73880dd9e63a0fff00c9e349e63abb3e5ebbd27b8e5e6dccf1c665fb3b744b8e6cc64339bd1f9e197ca60fe5ef3dc26e2271e2387239f1fbb0feecb86cbf977d7105c49fed71fef63d7a873cf81e4b03cf57593db78b39badc67ab232403d4d016e2f0386df1b92cc21e2789e23075cfc80e82eb6161d4ecb43924a6fbb4ee79b1bf4bf3dffd5bdc9dfefec7cb99026e778b78e674f19b6217ac2ed2de2d9d9e37f971ea48b4c835b2ff00bb9ff370e6c9ee55efb2e4bd750fbf7747102f37bcff006b7d92faf369d25e62fbee7b6e3dcff2efaf52270f07cb0ebddcfb963be37d4f7f61e3abd93ab9b7036bbcdd6e31fb39ddd70eee25fb1c79672af808ff003c1fde6797e5fdb3399e7d785e399e78de201eafbf635e59eae56f72af0d9d438d9c6131187d6f4ce07ecb4c6730e78f73d16da0798e089be12c9ff411de17d5cab873663975b3ed725d97dd9efd5c98e78c91de2ea4d3241cf704ccb3d3d59d799f8b972486e773a0ce64c6ead17ec7bfdbb729dc5c1f18cea4ce18b5bf9671073c5bc467ff0090b991839fed7bf993b96ebc4f0cbdf1c5c7beec617ac8dce0eadde48bfc5a771d5d3bb2449f2471b325f64167cbd6460458371d309bb68f52af56e196eb36dbc592209eed4646e976bbeace6ce78ba59cf0cef2dbc1fb7e113a73ddfaf56f38fa881de388d0ea7893fe24c674279b1969ff00302275ff0036d99d79e710f9cf063a98f8686e1c4386b01c7d9e5d48dcbdc37ffbed93881667127b6df56f3cfbb4eed0cb7e06d8fb74d8ff00786f50ce6ef183cc41733432e5faff002166a7fee7ef43799c0e2e1f073e0ebbbabf6fd63ae792dba4933f6de0db38423ab3d1736eb02132e7573c7f8e24d93d8e6585ce665c1dc0b32fcb3e78db963e5aef8f79e3f6f775fe9ed9f6388bdf33cc98dd83b83f92de1e65b0c20f658fb8d7f6cea346d49cf5326757d42a7372b74d81bff32afa9cebddd35b826eec9b0d71681e0e2945cc45924444f86339bf172b736cedd3c04e399427b93eb6deb8b7be0618d867b8447491d3fe2e83ce49bc3fe61e32047adfcba8807b8eb1c275ee3d43064e87573f3cbb7ae2cff367df1939c6c24ee6443fb74f16a67e47bdf774f33e9230ea13a83d33f9099cdf8e2c9eae1dcfcd903fe6ee476df024a7abfa5eef52119d36797c7bb83b3843bfc97fde1d86f33f21a58733f6ddb8785b22e4bcdd33de5af51aff00982731c5ba7103a60032658c83d33e982e818ea65c52c5fedc05c44bcc4cf04f9c92f886633c731fed961af77c93d32fcb83275e091f72bedf3b35d727d0b7c075609e08d38496772407392df8e076e3d5c8e6da3ead76b89f03ce7b85e88f5971d79667578bddfcb9ecb75dbddff56af3bb3fbffcc80d2e48e1d9ef6e5f7cc29cc726c8e69f6e73647d4f8e07c15bac92e756edbea71eaf43be12c43c70c73c4f70e59da7ba3724a7f27207575c11cdadc5c661fe2dd6f5973fc843b9cd5b81baebb89d58b07a964ece2e2cd33678ee0ef19709f73e0fb2616d08b183ce11960d8f06258f6b776ce2ed9161d176c9d4bb0b00b3fe6cf760ea73bb38dbf2c397b94ee61b483ee4df5629e35ee0269719c5bb016fcb71fdb319f1ead4ebdd89c7b8cea3bbf6ce23ad90db3d4f061ee04e984e42fc2ccd7ab560ed8c3ab5f97ebd5d9c418c1e739c934f505cb67f9bbe9239cf16728599cc1bc9ea0e798c67078ff99bfbe320e2fe7801cfb67db93f20d3f2e724b37b933ab3cabeac1e8ea78e0becdd279ea397984777a25cba77071acee7cc83d7a99bcff8b187db8a36b4e7778254cc7d87171ee3fb85db033f4bdf30bebcff00605bfe4443fe674c11ff0036ae86fe5b3fb1dc87b8b03db0b7e7bfd8ea37dffcd9bd5c9c24f33d8f16671b259f6cbf32ce3f0b37b64b3ecebab1eec7b83bddee2eb961bb90186d898b88ff00f9c3f45eb67f206c33bbb885eecdfb39bcc7567193896f39dcf06fab6d1bae6e2d7bb9495ccbd1d5a8e3d5fa4066cdbdafc837bb9bbe2cce678582c1793f9667049e9b1d12353ecbeae038878cce65ff007bf7cfa9e1b9ce7c7213cb2e4e32e3f7c63bb9e8b3b2c1ee7836f876c178eeebc63b063fb2e4f2bb1c3a7191b75df5273c417bb38ffcdeee89cdb02743b8c0f6f162bb9d3f7e1f6c37130439ff000757733fd8486e939a404d1ef0992ce70a6c3608f985a58d0f927ffa90bd27f8ba400fe46f13bf49fc412dc01c2b199a8b713bb3e419cbee3776dc9ff6b0b9733c24cfec03c972fe59f6cff3b7a60ec67bde6cb01db9b1f1cdcc0ff85c9d7bb7e59207723bb1b241d89a97b237b6cb7e38d87fea373f6e3b2eff00679ea4cfff0025c2fe2fed9cebd46b887ab79e487a83d6dc109ddbc7e475a5beee7fdee3732e6fbee3f67861c59bc65cefe5d37881fc9f974e2e7fab47637ae6773fd2b36f305e486f7c40e8ff0043adc7f89e0cb318e7c6777fca0ce66e77fb1ba87bba4fa792675dd9cb9667761fc43b7439cb7a74872dd861893f21700f27f87dbb3f30f4b0a76adfe558e66ce1ac182018ea12db929d85c51ffb5d3190bb64bc39b3afea0579b0432fcd9e85d704f0fdba7e475cc2d8bd77ff007671fcb35e2e339b3de5c19859bc0482ff00f39bece9cdeee7d5be8935804df9193c4967836ea20c3d6c1c73ff001607396fdf57aee75f5225cf4f7725924fe5b9fb6a1ab6fb839e21e661c38e7637bcbbb07e582ffd133ce7e292cff351ff007642bfa0ff008d9fc43f512c3f91ff009963bf3f805ae40fb708c0d5fac6cbb38fa3fe76c281e8e360e21e8738b2422770f007b13ec70e258bcd9a59ff0011f248c1f92e125ccdf71118796f129d5dc5cfa9dff119edba8c4ba36fedfc9e1bb7363d10c32fd4c33388ddff00dc80df939696ccd7771ec973490eb7ecef2fdfb6cf7b03c9fd117a06083bc8779970d8666a01a454fa94f7962e77284e3acb979f70619ff323df7187e4f59639ddbe926bd5a1c1dc0834c60cff00f6ce1ce6fcbd4f3fef0f366bb761725cda0dd23a9c0cbb7166e9640e6dee37d4cef24f49e4a4a9fd8fdb91c8c4e2ef46347fe57e59e9eaf5f92262392b4fadc8cdea43dbf2e78bf20b453e115a233dc3fee20301ba725c7c8fe1c4476a39fc4fd31cea7e7fe4cb08fe19ebfd628757dc134841ed4d217e32ce6e5ce601a977ae7bb1b4b9836da009eb8470027e339083f4db3459eb1eacba071eff00c5c837b04b774123be7f3a93333138278f7777f880fec70e203fb7d3ab5eef5b7f3c6ff89db3891e2e61fb13d5f926641fb1f7ddfdf0f5cccfd59737d44e71081f27ebd42c61e3de4601bd87edd2531666dbb79210d76282d5b67190fc2b3729d1138584cb83ddd77c41c61fdbf1634c05fc6cf53cf3dc69cb60f367abfc5b93dbd59f7bbbbdedfcf760733f67e7dbfa583007767a9c38ff00b82fec190de0ead2923d4e9d5acc2cc42fccbdfd9073fee17fb3603a1ec1b84ff2cc96988fc66c4414e1773d7ab930a23873dc463e9d30f9603cf06d8a0c1fc9400a1d6c084df80dd87311fbc176807f618d0750394de339e6043239cc247471f9728a3f3ab36201e9e27eb39fd9ccb1eb762bbf3e111da9fadc41e7ae7fec9ddafe19fef698275d92d0ce6c3a5c2c19d230805f6118e1b8bbea2e41eff580ebdfcbf5ebc0eff2106174c8785cfe8dcb97446f4faf0de60baff367cb27e5ea3bee4fbe333bb98db8f0e8804209362c0f5b643361806769d3c496b491c27d2dc70d7fcc6b952cdbb3c3d182e21ce0e6cbe39fa499cb67b3730eec9092f2673727a9ff00bb9f50bfb0f187ab64d30b8dd3c6f3f6d38b2cdea47bb06eb7c26dd77d5c88d117c77997e1ee4cdd9356019e19f608f13a24bd4d9bdfbb27efc45ec13afa2c3459f8e7fe6ee2bfdc91104eb7994312f40450f1fe82ce1d3147490bf417f9ee6000819c739cdc59cfc5f025c347cbfea5f9b94376d77bfd8faf67a399eae7f6d1bfd8664a40fccb27fc804201d3d6ada9d38e8847f0dda4c0f8ede49ff8bf78443efc9c47c7d7f64aa4781f2cd3b9d0397f67ca541377e1902f6c80c07e334733ce70cff3707baec7960479351c3f964b40e1c9fd821d5375ea7d45fe5add4f0daa2adc4f6631e647b859f919bdd8ae3bb1995ffe2c118e5cbddeecd762e39f1b66fec9ced9c659c6c75e338bf233df97e97bb379b5de7c38c045aeecab884eb7066370bf79b55cc73c4086a7d2cf14ba6231ebc0dcc9e720cbd53218bc0e6d03de17277fef01d960753c7fc2337880f5eee5d499259cd91c72decc9cb2473c8640c80dce6fa9e2fdb0838ea7bd821c7e5d107f990eae9cd97bb470973ab872574c7ec0e381f6c5c604c39a871a591dbe92fd9391de6ed292ec99edbedb2e66159cfc9bc06e7019c170ea9e1fe7ab50cf87380cfb6465ccbacff173bfce37fe670b7b1eff00e2f76a8cabcff670cf6e2865d81ef88bc90760e4d709990b28fc87befb8e4ce63dc16db03921bc1f539507c43fef70eb9e81b9f91ea755c334279e63c2ef7b76e2a470f881e79e2375fa9eadb421dfd3676c5d72e2e211939d854f1f1839000abebea2925c449288bff83e7f880d6c1e3e4f5a5b2fb2c4839e27fc73fe799a2a61908727a84ddb17316e97ff00df2f5cc711383b66f162b6489d59eac0c7db91c598692e4fa596783b96d8f7321f071b3d06926ae07c91526fedc6181d0c5628beeef8b5e85bed39d6f324ff004b5770f9bfe2458bfde7e7807383a83d419d49bdd9ceb1dfd3e428eceefedf927326fed9eed47895f526f101d38839d90f73c6e47766f5fecdd374cf577618ef37e27f6ef727ae6e3fccf2f77eb3c1b62e7fea19dfcb93acfc96725b20f25f89c8a503d73b665a4380ecc63bb69e317f9f52268b7fc167e1eec5263a7392b146f7eb0200f0eb8b07187b0cf7628d311bbfd61cbffb33bfc23b271a3ce1e5b1ad110e3495112bbd1fe236a50e478dff00dc6bf43ae89e6a1c0bc83ff76dddda3975379a76fe7db6121a03e229cb97b49be8076ca712e273fc481b0f6bff00dcd22fb5f50de301c04c054fd99eddd7a292c474f7ff00772a81f8cd87bdfb07ecdcc05c6439aebff7a5793ff72b007aec8d9c8f5eb65836f01086c92ec4d2075e19c494288e43c7edadee38e2e2fd8e62e6e2fd8cf7e1d9fc8fd8102afc893a162a73bcc1efc231df819ea111d64710d8ba3a96fb9bc781678eb64ed9ce6c1e24ef10ed9eee2edc8ce980ff00c5d3f1bb6c231ef9bbc0edb32e21ce20d7f93e19e4bae7dc1f2cb2cf5692ff008bb611b9cc0edb23d32271969e2cce2df4f56fdf729cda716c5a236a5c1d835981a0e34c13a2eec7bcbb714361570078fb3791777f9f2e7e83c1d20f2c6c5f7f9fd8811ebc385f91e3a1ca2c0c6f857fdc99a73d9ec7e4a980e3b11ae09fb335cfb6060978de1ff12fd93a3e416dc6e3d133a7e09c48783e1d5f7ee3925cd7f16a9dbfb03b76660a7fbced601c6c79e27aebfc5fe0d63bff00d429e7cb81dcf9ac8843f01eb37d4cf6072cc02123800ea6ca55eb393a5bbe26e6cf52dfcb945a78e7601b9c591a32dbf1024309d00732dd3b9a934ffeee5d78243030fd84bf9e072cf9165d1c784e7892eee3a5f7afaef19003fcdf889efc990e389bae7e4bebc765f528ebd4b6ce7a959bb38ea5d98fc8dfc9f89b73a5ec857ddeeebaea39e9b9cb376ebaefc3fef7b3dc19d975cdd7ab2fec91cd88f16717771adb847a2f739eecd710f10078c06cb8776fdf5113b375ea643a944f5ee3afd7a3dc484603fc46dbc9aaf7f27181034f7f49f4e57419ff007684f380418dbdf1a4ff00779cba4979033ac93067213757e48d909d619b96e889dd99ff00f2ed83f7ee1bc5ae4cbdfa5e9cf5ce45c039f83b9100c6bd90a3f39efefed96edd900a2fc36dc3ff00802218571cb614fa386121ef4fbced99343783dc833c3e41abb4482e67b9c3fc6d7887a725cc1eee41ec75a1d752db59f4ad5cbafc844e0cb769add31388acff0066e5603ecb2144ee4050e23e9874d930e64fce606cf5e3d7db251f64370573fcc9383edee0170e624b3961f20f77767375cb4d9c67c1eed67f64fb9b3776de6761de723f6fd8378b0dfdb3785b92212e737ddc3fcdcf5b70e58d3ab3785b8bfb70fcbb76cb8bdd97e92e713c3ff376e40f362716bff562cf47d8c4de6e221cd8f7d4e38bd16af3e03d5f012233629e21c9629be83971ff001042cff960f0a74e197e56dfae193995f5be3841705c6bd4dd693a31938dd0fa2e20cc4ec5fd8f299b9deb881b9176e067e7ec7e1036cdbc3f095b9e9f6f3cc6af7f85b4bc722f1204833438bf4098251ef1ecb30cfe843a107e4c3571c7ec8e05a439724b6360d66001fdf76629cbea01c95fc9a720f5ca472cbf5226a2f43ac258980f128f1233b91e37641ca5bbc926bdcc34739b0e8f56c9632ee077fc92e732494f5b2d73ae3f09e7f87489d133ff00302e0489c265c672c66f11716d060cc3e483543a7f247cbf7f91e1f77f24f7757318e0902c3d33f49fb7f67d5f6e94ed0bc1dc91e3bb47593fe6d8e0839fedcfaf73c7f2e7799e5b23bcbaeed99e4bb72e78e33fb0164f58d97f3c3cb3c4bc712eb2ef1b0418c3ea7ac7d58771b28169c33aea40f1cb2a613e0c6c23da030839171fefd5cd072751ff003cb6124cff007b6c731dc318e79820966666eb0521d6e0e2cda7573eb9ff00cc4137fcfb9b44a749018f666359c663a9ae77f928043f224b0ec63ac03b0f9708c7efc9c2f5df2c61afd24c3c7f2c71f6e739ec8fa0f519c8e98a57dcbbae64aa78fb62c7fd1d6e445cbab3ff00327ec5a2f5ff00cd9b11fcd4913fc03ff1711ea915327dbbdb831f4909c7176e5e2c38776def23a06c9dd93f6c6eea47667641c1bd917c94edaee26726c362719fe26f5f9d71098ff271ff0036c80dcde73f2cb26fbc4b609cc696e0e0ebf62386777579ba97aeb11c3fed1e2860a5c7ddbb98413ab521d49c53f21e73dc8dd6fd2cf2f57f9ee704f0e21d7f562bc5981bcc60f33e3f9f6fc3d59cef8024b7c63cd8f8cdb39b3eb96bddcdc7bb3a930f5b3a77630dc7f8f08928797a9f996fa9d5be995b1f0989a90d61c49c6dd707d80f7dda91f8438707b4b053cfad63abfe08cd1c92ff00643cdd4d1fac2d0ff041cb49b55e5ce61fb77e37bf896e88ede571868f618cf8c1c3c74813a1f7b2c8b0eac0a75f61c671d2d2c637eb39ec8094be8b773b817397b5c9fb5eae6cebbd171c22f9cbb72ccfdb937f99e6d910fa3ff994981bdfdb789cf896e6503078fd16f8b7bfeffa03cd82cc9f728da3c322d1f7637365fee5926f850eacf0101b1b07116fbd8fe90a1dbe64b6ed99c215d63db0ead700c6b779c7fcc1357afed81cbc4b385a1b6eee7ecf602af4fa96019af4b1a71e38de7d9e1c7abf65e4934837ab38c90b8c8ff99cdb8bfeac8e7c7fe6e1b03b039b3c7301e19ebfde77f91b2f7b38df7307b309388731ef3982dcff007b95967a2f5b676f2c1af249cff633811d8582f0e071214b7ac4aa3a1ed9e3dff2e5c9ea5e623b2f66337f63bffcc2026fb398551b39e79634d5ee53db63fb1ef2b90583bbb26c5bdb243cebb72e0ddee672b2c125bf21fc6a7e7fee53a1c75c7ab0670f92ac14fc24dcae3210e449c9afd911c9892e1cb7d41db535df50d4d13749cf566ce7dc9c7763edfdd8e8d9eb611dd8fb01f6ed1c8c24b321e073cc1117a86b3f2cbe488f8f0591c7e5c8fdf05e341939641fce3d97a8a90482730dd36ff249bc3ebab5e9cc9cf3ff005297cba3f2f6071fe8fcb37b9c27ad627f6c26e7ab038b3d59a58976e2479f0e3c173b99f923fdf00f08ba9aadfbb69a5873972691caef243362736dd19dbdf1ff00f6ff0089cf7746467cff0036a5eb97d239ca8ea3b11faf3ff76064a6ea3ff9c851e5fa02ee93eaec91c37fb1ba43f4b48bf2f3736cfc4cb867fc88ae17f8ec9768e06ff85bf1cc76626f2fe103c9e2ca0716bc4c2732d1c9cc039e581f1006cd946d9971109ce7d8967876b630e5bc85c3878718c9ba21fe3ee07d0f05a8d8f67d5faf121d33c65b8f36dfb592f58e109ee53b7632e5b9bb88b709c7f6dc38b9b106380f9039c3fdf739b8bfcbe07fcc39ff00bda7b310fab9eedea533d47d25ccb264306eb997032b4dff00cccfb6c0d7959af0c786222871c9ea280770de707ab1c721e96073f6cdb0f5f20e6c3cfbfb3fed187fe6e4fdcbbeff00daff00166bb0ec9e6037f9dc81d40e5c9d4fa1e30c9b9dbd16439c5eefd3c097328cc8eb83bb8f574f2717bb0dbf9ff1e33ddfb18f526598c7369ee128e58d0e37e4c0d03bafcfb1be02c8cef06de95fd5b3856c5bc4fd6edd107879bfcbc170f5613c320b9cb4e8410e0200e42cc3382e9585ab85c101fb72dfe2421e9fc6ec09279a6cd8e77db625b0baeb60c39731709bafdb88c10fe5cd09bf2cf3adf64a81b97e968c02906b10e590cdd97856c2d9a73ea5808d416c9d189ab2346970b2cb1b9f1c44f8c9637f205cf6ff00bdcebcdc79f617a1c787b12e272e7adcfcf7e38fed32edc96126234278cc6f13fa4cb8627b843cc059c7e46773d733cfec2ce3df33fa5afb88e6f78fab37fcc70fdb3dcf389eb7c76e64f6c901b26deb8b23bb38e64e7184df4f24b49719d7b839cd99c7c805f042fabdeb3dcf5cc39d5acda6c50d5dce23a39b51f5151c8e7fc5844bcf39891d6af19711ddfb30c5f6d91e64eb6f63eedebfb71d099102ec5ccfc9c5ad977333b668037c1dcacd871cf109e881ef657407a20dc8cb5b129f251ca67b6e5a0753fc4ff3aef5310c3fee030c9a7a81d91eb725addf20401ec27e8eaf6f2b0a1ce7b912827db38d9f674e5a0263d9de4cefd5e7b89070fb654069c93dc5d2419b64e5c176fd4276f12839eac3d9c5f5c9580deaa1bfa20ff404b2cb2c8cc1df8db273cf9ff328c8bdcb9f523c7d5d3f6ed640e419a1598493ed69c5ea79e764a00e2cc41c9718773cf3b60f3ee7bc7fe6f44efd83a17fcd9938939388fd86f4bdff0021279e4b3ecee63d59b716eeecbac7e4f823bd947abd481716a5d788ee238c80b1fed9cd91d6f8df96bea1e2ebb973b88a35c711247220d359fa85660e7d5d6982f94ce6d35b3ae17723a623957bff003720cbd6389db1af72832b9e1ee3cefa78f90d461f469131f6c7db7a7d3a72e5af68ad8299fb21cadca31ac1dee1622fab5e32e4486384e389f3614ff32b8ce3913efdb94f7e4767d9d997b38975dff373ee6fafff00d8cd5a7d7137f47077f921645cff00109d7429ff00e424c9fa97bcfe44e0ee1c3163892bdc8381ee7ed365df73d4fcf2925975dcba7f4926f92d7cb98363da405ed77e375a3db9c3a63fef61df4c64cfadb686e13a1b476c1e582acb310c6ff64739c599c2d81d6f58641ac8e71e3bee776e63a93fda4ff33b66f8ee0ffe6fe5d59c997f2e7b8ee0de64ceee4b87d4d9ccfb00e3f6e42d1e07ed937b83ec9f9b3a1cc4f5076bb1bc6b3b803bb709d65f8b738b35b9f087d9dcd74e6cfe87611c18758458b97e4786e5f9025043684c17cb5127d1c5d25b3d7fe613edfcf5775109d85a649f93538ff1ea43e1fc6ce367f596ff0082668a5cf0481e65dd1ffeb61c7faf768187f0cbb8bfe5b97bba9bfc168b41ee0898967871f1fbfdfecfbb044ffc58e83c4fad7ec1339e41b1e9c4bd1cff0021fb2e6fd8c752895efb90b2fe31e372df0d864a05133d6a3fb0e3dec4a0cf0d82839924914e1e6e098f326f1109f72d0df47173f2bbd93a89c0c58e653fdee131cfcb8bff007ff63bacbd007fd5f7e7d245190fc91dfcb36c1c5c7f882f27121fe2dbbeb76e76e27bf19ece02c3dc9903b63b9eace7f6c6cc3ae6f577dcfd93f6c73ead7b7603cac839b0f1c893fdbc7f24db0cff00cc21aa6fb57958e906c969e6789b2ef11beef5248c9ef16f26c7bc0e6ffa42e6cc07368f793eeacce7fba51caf042263a167dab5ceda32e7afc90a80e3d92c155ebd233337e39ff563e8ff005db9b16ce6356f382430566827764bfe57e5082d41c7a428ebd90c237382f6707860a6c71f4ca8a29314094f19249c38211f573e6c3cb88847ab7c9b6cb15e070e17dff252467eb38b607a63fd941afc6fc6d178f5d5f4730677085c787fcd8c931c2271c725ad80e7c22ed85ed225e0e4eaff0009dca5fd89937fb0d8d2dd8d2f0fc1f507cb69cf50ef56672e73268a7367cb90cfb0ff00e26341e24d7a9187fcc3fdece31ff3716677c49ea0e764e32cce3ab3fc7edeb2ff00a4f727fdcf3c4fbfcb6c39bf1b3cf2bcdfce6ce7fc7367ed92201cae119071f107b4009c185fa92c90c89c2efa95f8b039936c32558907a4bd4b1df57ac79b17685c9b999ebf0903d430ceae4c7176b0b4855c2e3f96581644e5a013db18c80ea036ca73b85174dcf607eb60d37e1201c871c3dc72d976fd6968ce4c0ec80b17b065afd84f4791e65729b66e10b60a3d648bfd950dcb9b6df26cfb2d7adea4a0d3dcd90fbf89ec493a7c3c1cecb6b32e5c7ab273ee077eeb7fb043e5dffd878b1b7b92d67db8c8b91fb31d48fcaf37ffd9, 1);

--
-- Índices para tablas volcadas
--

--
-- Indices de la tabla `exploracion`
--
ALTER TABLE `exploracion`
  ADD PRIMARY KEY (`id`);

--
-- Indices de la tabla `lenguaje`
--
ALTER TABLE `lenguaje`
  ADD PRIMARY KEY (`id`);

--
-- Indices de la tabla `matematicas`
--
ALTER TABLE `matematicas`
  ADD PRIMARY KEY (`id`);

--
-- Indices de la tabla `usuarios`
--
ALTER TABLE `usuarios`
  ADD PRIMARY KEY (`id`);

--
-- AUTO_INCREMENT de las tablas volcadas
--

--
-- AUTO_INCREMENT de la tabla `exploracion`
--
ALTER TABLE `exploracion`
  MODIFY `id` int(11) NOT NULL AUTO_INCREMENT, AUTO_INCREMENT=5;

--
-- AUTO_INCREMENT de la tabla `lenguaje`
--
ALTER TABLE `lenguaje`
  MODIFY `id` int(11) NOT NULL AUTO_INCREMENT, AUTO_INCREMENT=5;

--
-- AUTO_INCREMENT de la tabla `matematicas`
--
ALTER TABLE `matematicas`
  MODIFY `id` int(11) NOT NULL AUTO_INCREMENT, AUTO_INCREMENT=5;

--
-- AUTO_INCREMENT de la tabla `usuarios`
--
ALTER TABLE `usuarios`
  MODIFY `id` int(11) NOT NULL AUTO_INCREMENT, AUTO_INCREMENT=5;
COMMIT;

/*!40101 SET CHARACTER_SET_CLIENT=@OLD_CHARACTER_SET_CLIENT */;
/*!40101 SET CHARACTER_SET_RESULTS=@OLD_CHARACTER_SET_RESULTS */;
/*!40101 SET COLLATION_CONNECTION=@OLD_COLLATION_CONNECTION */;
